Product code,Bureau of Meteorology station number,Year,Month,Day,Minimum temperature (Degree C),Days of accumulation of minimum temperature,Quality
IDCJAC0011,002056,2024,01,01,23.5,1,N
IDCJAC0011,002056,2024,01,02,27.0,1,N
IDCJAC0011,002056,2024,01,03,28.2,1,N
IDCJAC0011,002056,2024,01,04,26.0,1,N
IDCJAC0011,002056,2024,01,05,24.6,1,N
IDCJAC0011,002056,2024,01,06,24.5,1,N
IDCJAC0011,002056,2024,01,07,25.9,1,N
IDCJAC0011,002056,2024,01,08,23.7,1,N
IDCJAC0011,002056,2024,01,09,23.5,1,N
IDCJAC0011,002056,2024,01,10,25.9,1,N
IDCJAC0011,002056,2024,01,11,24.4,1,N
IDCJAC0011,002056,2024,01,12,25.8,1,Y
IDCJAC0011,002056,2024,01,13,23.7,1,N
IDCJAC0011,002056,2024,01,14,26.3,1,N
IDCJAC0011,002056,2024,01,15,25.9,1,Y
IDCJAC0011,002056,2024,01,16,25.7,1,Y
IDCJAC0011,002056,2024,01,17,24.6,1,N
IDCJAC0011,002056,2024,01,18,23.9,1,N
IDCJAC0011,002056,2024,01,19,24.7,1,N
IDCJAC0011,002056,2024,01,20,26.1,1,N
IDCJAC0011,002056,2024,01,21,23.8,1,N
IDCJAC0011,002056,2024,01,22,26.9,1,N
IDCJAC0011,002056,2024,01,23,25.9,1,N
IDCJAC0011,002056,2024,01,24,25.4,1,N
IDCJAC0011,002056,2024,01,25,25.3,1,N
IDCJAC0011,002056,2024,01,26,25.8,1,N
IDCJAC0011,002056,2024,01,27,25.5,1,N
IDCJAC0011,002056,2024,01,28,23.4,1,N
IDCJAC0011,002056,2024,01,29,24.5,1,N
IDCJAC0011,002056,2024,01,30,26.3,1,N
IDCJAC0011,002056,2024,01,31,24.0,1,N
IDCJAC0011,002056,2024,02,01,25.8,1,N
IDCJAC0011,002056,2024,02,02,27.0,1,N
IDCJAC0011,002056,2024,02,03,27.5,1,N
IDCJAC0011,002056,2024,02,04,27.4,1,N
IDCJAC0011,002056,2024,02,05,26.5,1,N
IDCJAC0011,002056,2024,02,06,26.0,1,N
IDCJAC0011,002056,2024,02,07,25.3,1,N
IDCJAC0011,002056,2024,02,08,23.5,1,N
IDCJAC0011,002056,2024,02,09,25.5,1,N
IDCJAC0011,002056,2024,02,10,25.5,1,N
IDCJAC0011,002056,2024,02,11,24.1,1,N
IDCJAC0011,002056,2024,02,12,24.3,1,N
IDCJAC0011,002056,2024,02,13,24.9,1,N
IDCJAC0011,002056,2024,02,14,23.0,1,N
IDCJAC0011,002056,2024,02,15,23.9,1,N
IDCJAC0011,002056,2024,02,16,25.4,1,N
IDCJAC0011,002056,2024,02,17,25.4,1,N
IDCJAC0011,002056,2024,02,18,25.4,1,N
IDCJAC0011,002056,2024,02,19,24.0,1,N
IDCJAC0011,002056,2024,02,20,25.5,1,N
IDCJAC0011,002056,2024,02,21,25.0,1,N
IDCJAC0011,002056,2024,02,22,25.1,1,N
IDCJAC0011,002056,2024,02,23,25.6,1,N
IDCJAC0011,002056,2024,02,24,27.1,1,N
IDCJAC0011,002056,2024,02,25,24.9,1,N
IDCJAC0011,002056,2024,02,26,26.4,1,Y
IDCJAC0011,002056,2024,02,27,25.7,1,Y
IDCJAC0011,002056,2024,02,28,24.7,1,Y
IDCJAC0011,002056,2024,02,29,26.0,1,Y
IDCJAC0011,002056,2024,03,01,25.8,1,N
IDCJAC0011,002056,2024,03,02,26.1,1,N
IDCJAC0011,002056,2024,03,03,26.0,1,N
IDCJAC0011,002056,2024,03,04,26.9,1,N
IDCJAC0011,002056,2024,03,05,24.7,1,N
IDCJAC0011,002056,2024,03,06,25.1,1,N
IDCJAC0011,002056,2024,03,07,24.1,1,N
IDCJAC0011,002056,2024,03,08,24.4,1,N
IDCJAC0011,002056,2024,03,09,24.6,1,N
IDCJAC0011,002056,2024,03,10,25.5,1,N
IDCJAC0011,002056,2024,03,11,25.7,1,N
IDCJAC0011,002056,2024,03,12,25.4,1,N
IDCJAC0011,002056,2024,03,13,25.3,1,N
IDCJAC0011,002056,2024,03,14,26.8,1,N
IDCJAC0011,002056,2024,03,15,25.3,1,N
IDCJAC0011,002056,2024,03,16,25.7,1,N
IDCJAC0011,002056,2024,03,17,25.3,1,N
IDCJAC0011,002056,2024,03,18,27.0,1,N
IDCJAC0011,002056,2024,03,19,25.4,1,N
IDCJAC0011,002056,2024,03,20,22.5,1,N
IDCJAC0011,002056,2024,03,21,26.5,1,N
IDCJAC0011,002056,2024,03,22,25.0,1,N
IDCJAC0011,002056,2024,03,23,25.4,1,N
IDCJAC0011,002056,2024,03,24,25.1,1,N
IDCJAC0011,002056,2024,03,25,25.3,1,N
IDCJAC0011,002056,2024,03,26,24.8,1,N
IDCJAC0011,002056,2024,03,27,25.3,1,N
IDCJAC0011,002056,2024,03,28,23.1,1,N
IDCJAC0011,002056,2024,03,29,25.2,1,N
IDCJAC0011,002056,2024,03,30,25.3,1,N
IDCJAC0011,002056,2024,03,31,25.5,1,N
IDCJAC0011,002056,2024,04,01,23.7,1,N
IDCJAC0011,002056,2024,04,02,25.0,1,N
IDCJAC0011,002056,2024,04,03,25.7,1,N
IDCJAC0011,002056,2024,04,04,24.2,1,N
IDCJAC0011,002056,2024,04,05,23.9,1,N
IDCJAC0011,002056,2024,04,06,21.2,1,N
IDCJAC0011,002056,2024,04,07,20.7,1,N
IDCJAC0011,002056,2024,04,08,19.1,1,N
IDCJAC0011,002056,2024,04,09,19.0,1,N
IDCJAC0011,002056,2024,04,10,17.3,1,N
IDCJAC0011,002056,2024,04,11,16.4,1,N
IDCJAC0011,002056,2024,04,12,16.5,1,N
IDCJAC0011,002056,2024,04,13,23.4,1,N
IDCJAC0011,002056,2024,04,14,20.6,1,N
IDCJAC0011,002056,2024,04,15,20.0,1,N
IDCJAC0011,002056,2024,04,16,21.0,1,N
IDCJAC0011,002056,2024,04,17,21.5,1,N
IDCJAC0011,002056,2024,04,18,23.2,1,N
IDCJAC0011,002056,2024,04,19,20.3,1,N
IDCJAC0011,002056,2024,04,20,20.9,1,N
IDCJAC0011,002056,2024,04,21,21.7,1,N
IDCJAC0011,002056,2024,04,22,18.5,1,Y
IDCJAC0011,002056,2024,04,23,17.0,1,N
IDCJAC0011,002056,2024,04,24,18.4,1,N
IDCJAC0011,002056,2024,04,25,21.3,1,N
IDCJAC0011,002056,2024,04,26,23.9,1,N
IDCJAC0011,002056,2024,04,27,19.2,1,N
IDCJAC0011,002056,2024,04,28,16.5,1,N
IDCJAC0011,002056,2024,04,29,15.3,1,N
IDCJAC0011,002056,2024,04,30,21.1,1,N
IDCJAC0011,002056,2024,05,01,21.1,1,N
IDCJAC0011,002056,2024,05,02,22.7,1,N
IDCJAC0011,002056,2024,05,03,19.2,1,N
IDCJAC0011,002056,2024,05,04,21.8,1,N
IDCJAC0011,002056,2024,05,05,21.3,1,N
IDCJAC0011,002056,2024,05,06,22.3,1,N
IDCJAC0011,002056,2024,05,07,17.5,1,N
IDCJAC0011,002056,2024,05,08,18.8,1,N
IDCJAC0011,002056,2024,05,09,17.5,1,N
IDCJAC0011,002056,2024,05,10,18.6,1,N
IDCJAC0011,002056,2024,05,11,24.7,1,N
IDCJAC0011,002056,2024,05,12,21.9,1,N
IDCJAC0011,002056,2024,05,13,20.0,1,N
IDCJAC0011,002056,2024,05,14,19.3,1,N
IDCJAC0011,002056,2024,05,15,19.2,1,N
IDCJAC0011,002056,2024,05,16,18.8,1,N
IDCJAC0011,002056,2024,05,17,20.0,1,N
IDCJAC0011,002056,2024,05,18,19.4,1,N
IDCJAC0011,002056,2024,05,19,16.9,1,N
IDCJAC0011,002056,2024,05,20,18.9,1,Y
IDCJAC0011,002056,2024,05,21,12.8,1,N
IDCJAC0011,002056,2024,05,22,12.2,1,N
IDCJAC0011,002056,2024,05,23,14.6,1,N
IDCJAC0011,002056,2024,05,24,16.1,1,N
IDCJAC0011,002056,2024,05,25,16.8,1,N
IDCJAC0011,002056,2024,05,26,18.5,1,N
IDCJAC0011,002056,2024,05,27,19.0,1,N
IDCJAC0011,002056,2024,05,28,17.3,1,N
IDCJAC0011,002056,2024,05,29,17.6,1,N
IDCJAC0011,002056,2024,05,30,20.3,1,N
IDCJAC0011,002056,2024,05,31,20.6,1,N
IDCJAC0011,002056,2024,06,01,21.1,1,N
IDCJAC0011,002056,2024,06,02,20.6,1,Y
IDCJAC0011,002056,2024,06,03,16.5,1,N
IDCJAC0011,002056,2024,06,04,21.2,1,N
IDCJAC0011,002056,2024,06,05,16.7,1,N
IDCJAC0011,002056,2024,06,06,15.6,1,N
IDCJAC0011,002056,2024,06,07,12.2,1,N
IDCJAC0011,002056,2024,06,08,9.1,1,Y
IDCJAC0011,002056,2024,06,09,10.1,1,N
IDCJAC0011,002056,2024,06,10,10.5,1,N
IDCJAC0011,002056,2024,06,11,11.4,1,N
IDCJAC0011,002056,2024,06,12,12.2,1,N
IDCJAC0011,002056,2024,06,13,12.6,1,N
IDCJAC0011,002056,2024,06,14,12.3,1,N
IDCJAC0011,002056,2024,06,15,12.2,1,N
IDCJAC0011,002056,2024,06,16,12.7,1,N
IDCJAC0011,002056,2024,06,17,13.1,1,Y
IDCJAC0011,002056,2024,06,18,11.5,1,N
IDCJAC0011,002056,2024,06,19,12.6,1,N
IDCJAC0011,002056,2024,06,20,13.0,1,N
IDCJAC0011,002056,2024,06,21,16.2,1,N
IDCJAC0011,002056,2024,06,22,16.0,1,N
IDCJAC0011,002056,2024,06,23,12.7,1,N
IDCJAC0011,002056,2024,06,24,9.3,1,N
IDCJAC0011,002056,2024,06,25,8.6,1,N
IDCJAC0011,002056,2024,06,26,10.3,1,N
IDCJAC0011,002056,2024,06,27,11.1,1,N
IDCJAC0011,002056,2024,06,28,15.6,1,N
IDCJAC0011,002056,2024,06,29,18.3,1,N
IDCJAC0011,002056,2024,06,30,21.8,1,N
IDCJAC0011,002056,2024,07,01,24.1,1,N
IDCJAC0011,002056,2024,07,02,22.8,1,N
IDCJAC0011,002056,2024,07,03,20.0,1,N
IDCJAC0011,002056,2024,07,04,17.5,1,N
IDCJAC0011,002056,2024,07,05,11.1,1,N
IDCJAC0011,002056,2024,07,06,10.8,1,N
IDCJAC0011,002056,2024,07,07,11.7,1,N
IDCJAC0011,002056,2024,07,08,16.7,1,N
IDCJAC0011,002056,2024,07,09,18.0,1,N
IDCJAC0011,002056,2024,07,10,19.1,1,N
IDCJAC0011,002056,2024,07,11,15.0,1,N
IDCJAC0011,002056,2024,07,12,13.9,1,N
IDCJAC0011,002056,2024,07,13,14.0,1,N
IDCJAC0011,002056,2024,07,14,14.1,1,N
IDCJAC0011,002056,2024,07,15,13.7,1,N
IDCJAC0011,002056,2024,07,16,15.5,1,N
IDCJAC0011,002056,2024,07,17,12.4,1,N
IDCJAC0011,002056,2024,07,18,8.9,1,N
IDCJAC0011,002056,2024,07,19,6.6,1,N
IDCJAC0011,002056,2024,07,20,6.5,1,N
IDCJAC0011,002056,2024,07,21,8.7,1,N
IDCJAC0011,002056,2024,07,22,10.7,1,Y
IDCJAC0011,002056,2024,07,23,9.8,1,N
IDCJAC0011,002056,2024,07,24,9.4,1,N
IDCJAC0011,002056,2024,07,25,12.9,1,N
IDCJAC0011,002056,2024,07,26,20.1,1,N
IDCJAC0011,002056,2024,07,27,22.6,1,N
IDCJAC0011,002056,2024,07,28,20.5,1,N
IDCJAC0011,002056,2024,07,29,22.1,1,N
IDCJAC0011,002056,2024,07,30,22.3,1,N
IDCJAC0011,002056,2024,07,31,16.7,1,N
IDCJAC0011,002056,2024,08,01,12.7,1,Y
IDCJAC0011,002056,2024,08,02,12.9,1,Y
IDCJAC0011,002056,2024,08,03,14.5,1,Y
IDCJAC0011,002056,2024,08,04,13.8,1,Y
IDCJAC0011,002056,2024,08,05,15.5,1,Y
IDCJAC0011,002056,2024,08,06,17.0,1,Y
IDCJAC0011,002056,2024,08,07,17.4,1,Y
IDCJAC0011,002056,2024,08,08,16.6,1,Y
IDCJAC0011,002056,2024,08,09,14.9,1,Y
IDCJAC0011,002056,2024,08,10,11.4,1,Y
IDCJAC0011,002056,2024,08,11,13.7,1,Y
IDCJAC0011,002056,2024,08,12,12.1,1,Y
IDCJAC0011,002056,2024,08,13,12.0,1,Y
IDCJAC0011,002056,2024,08,14,12.2,1,Y
IDCJAC0011,002056,2024,08,15,12.9,1,Y
IDCJAC0011,002056,2024,08,16,12.7,1,Y
IDCJAC0011,002056,2024,08,17,12.5,1,Y
IDCJAC0011,002056,2024,08,18,13.2,1,Y
IDCJAC0011,002056,2024,08,19,14.8,1,Y
IDCJAC0011,002056,2024,08,20,16.2,1,Y
IDCJAC0011,002056,2024,08,21,17.0,1,Y
IDCJAC0011,002056,2024,08,22,17.7,1,Y
IDCJAC0011,002056,2024,08,23,18.7,1,Y
IDCJAC0011,002056,2024,08,24,19.0,1,Y
IDCJAC0011,002056,2024,08,25,17.5,1,Y
IDCJAC0011,002056,2024,08,26,17.5,1,Y
IDCJAC0011,002056,2024,08,27,18.1,1,Y
IDCJAC0011,002056,2024,08,28,19.3,1,Y
IDCJAC0011,002056,2024,08,29,18.2,1,Y
IDCJAC0011,002056,2024,08,30,18.5,1,Y
IDCJAC0011,002056,2024,08,31,19.3,1,Y
IDCJAC0011,002056,2024,09,01,21.4,1,N
IDCJAC0011,002056,2024,09,02,19.9,1,N
IDCJAC0011,002056,2024,09,03,20.0,1,N
IDCJAC0011,002056,2024,09,04,20.4,1,N
IDCJAC0011,002056,2024,09,05,16.7,1,N
IDCJAC0011,002056,2024,09,06,21.1,1,N
IDCJAC0011,002056,2024,09,07,21.6,1,N
IDCJAC0011,002056,2024,09,08,20.8,1,N
IDCJAC0011,002056,2024,09,09,20.4,1,N
IDCJAC0011,002056,2024,09,10,20.0,1,N
IDCJAC0011,002056,2024,09,11,18.4,1,N
IDCJAC0011,002056,2024,09,12,19.1,1,N
IDCJAC0011,002056,2024,09,13,27.0,1,N
IDCJAC0011,002056,2024,09,14,22.3,1,N
IDCJAC0011,002056,2024,09,15,14.8,1,N
IDCJAC0011,002056,2024,09,16,16.5,1,N
IDCJAC0011,002056,2024,09,17,19.6,1,N
IDCJAC0011,002056,2024,09,18,17.7,1,N
IDCJAC0011,002056,2024,09,19,20.4,1,N
IDCJAC0011,002056,2024,09,20,23.5,1,N
IDCJAC0011,002056,2024,09,21,23.3,1,N
IDCJAC0011,002056,2024,09,22,23.8,1,N
IDCJAC0011,002056,2024,09,23,24.4,1,N
IDCJAC0011,002056,2024,09,24,22.0,1,N
IDCJAC0011,002056,2024,09,25,22.2,1,N
IDCJAC0011,002056,2024,09,26,22.9,1,N
IDCJAC0011,002056,2024,09,27,23.5,1,N
IDCJAC0011,002056,2024,09,28,24.6,1,N
