Product code,Bureau of Meteorology station number,Year,Month,Mean minimum temperature (°C),Quality
IDCJAC0004,002056,1986,03,24.6,Y
IDCJAC0004,002056,1986,04,22.9,Y
IDCJAC0004,002056,1986,05,19.9,Y
IDCJAC0004,002056,1986,06,18.9,Y
IDCJAC0004,002056,1986,07,17.8,Y
IDCJAC0004,002056,1986,08,17.2,Y
IDCJAC0004,002056,1986,09,22.1,Y
IDCJAC0004,002056,1986,10,24.9,Y
IDCJAC0004,002056,1986,11,25.9,Y
IDCJAC0004,002056,1986,12,27.3,Y
IDCJAC0004,002056,1987,01,25.5,Y
IDCJAC0004,002056,1987,02,24.9,Y
IDCJAC0004,002056,1987,03,24.3,Y
IDCJAC0004,002056,1987,04,21.9,Y
IDCJAC0004,002056,1987,05,21.3,Y
IDCJAC0004,002056,1987,06,17.5,Y
IDCJAC0004,002056,1987,07,14.6,Y
IDCJAC0004,002056,1987,08,16.9,Y
IDCJAC0004,002056,1987,09,19.3,Y
IDCJAC0004,002056,1987,10,24.7,Y
IDCJAC0004,002056,1987,11,26.5,Y
IDCJAC0004,002056,1987,12,25.8,Y
IDCJAC0004,002056,1988,01,25.7,Y
IDCJAC0004,002056,1988,02,25.5,Y
IDCJAC0004,002056,1988,03,26.1,Y
IDCJAC0004,002056,1988,04,22.1,Y
IDCJAC0004,002056,1988,05,21.1,Y
IDCJAC0004,002056,1988,06,14.9,Y
IDCJAC0004,002056,1988,07,18.6,Y
IDCJAC0004,002056,1988,09,21.2,Y
IDCJAC0004,002056,1988,10,25.1,Y
IDCJAC0004,002056,1988,11,25.7,Y
IDCJAC0004,002056,1988,12,25.0,Y
IDCJAC0004,002056,1989,01,25.3,Y
IDCJAC0004,002056,1989,02,24.6,Y
IDCJAC0004,002056,1989,03,23.8,Y
IDCJAC0004,002056,1989,04,23.4,Y
IDCJAC0004,002056,1989,05,19.5,Y
IDCJAC0004,002056,1989,06,16.0,Y
IDCJAC0004,002056,1989,07,15.7,Y
IDCJAC0004,002056,1989,08,15.6,Y
IDCJAC0004,002056,1989,09,18.5,Y
IDCJAC0004,002056,1989,10,23.0,Y
IDCJAC0004,002056,1989,11,23.9,Y
IDCJAC0004,002056,1989,12,24.5,Y
IDCJAC0004,002056,1990,01,24.4,Y
IDCJAC0004,002056,1990,02,24.9,Y
IDCJAC0004,002056,1990,03,25.0,Y
IDCJAC0004,002056,1990,04,21.1,Y
IDCJAC0004,002056,1990,05,20.1,Y
IDCJAC0004,002056,1990,06,16.2,Y
IDCJAC0004,002056,1990,07,16.1,Y
IDCJAC0004,002056,1990,08,16.1,Y
IDCJAC0004,002056,1990,09,19.4,Y
IDCJAC0004,002056,1990,10,24.2,Y
IDCJAC0004,002056,1990,11,26.2,Y
IDCJAC0004,002056,1990,12,25.3,Y
IDCJAC0004,002056,1991,01,25.2,Y
IDCJAC0004,002056,1991,02,24.8,Y
IDCJAC0004,002056,1991,03,25.0,Y
IDCJAC0004,002056,1991,04,23.9,Y
IDCJAC0004,002056,1991,05,18.7,Y
IDCJAC0004,002056,1991,06,17.9,Y
IDCJAC0004,002056,1991,07,16.9,Y
IDCJAC0004,002056,1991,08,15.5,Y
IDCJAC0004,002056,1991,09,22.0,Y
IDCJAC0004,002056,1991,10,23.4,Y
IDCJAC0004,002056,1991,11,25.7,Y
IDCJAC0004,002056,1991,12,27.0,Y
IDCJAC0004,002056,1992,01,25.9,Y
IDCJAC0004,002056,1992,02,25.2,Y
IDCJAC0004,002056,1992,03,25.3,Y
IDCJAC0004,002056,1992,04,23.7,Y
IDCJAC0004,002056,1992,05,21.5,Y
IDCJAC0004,002056,1992,06,16.3,Y
IDCJAC0004,002056,1992,07,14.9,Y
IDCJAC0004,002056,1992,08,18.4,Y
IDCJAC0004,002056,1992,09,22.7,Y
IDCJAC0004,002056,1992,10,24.7,Y
IDCJAC0004,002056,1992,11,26.0,Y
IDCJAC0004,002056,1992,12,26.9,Y
IDCJAC0004,002056,1993,01,25.3,Y
IDCJAC0004,002056,1993,02,24.4,Y
IDCJAC0004,002056,1993,03,24.5,Y
IDCJAC0004,002056,1993,04,22.8,Y
IDCJAC0004,002056,1993,05,21.1,Y
IDCJAC0004,002056,1993,06,17.7,Y
IDCJAC0004,002056,1993,07,15.2,Y
IDCJAC0004,002056,1993,08,17.7,Y
IDCJAC0004,002056,1993,09,20.6,Y
IDCJAC0004,002056,1993,10,23.9,Y
IDCJAC0004,002056,1993,11,25.7,Y
IDCJAC0004,002056,1993,12,25.5,Y
IDCJAC0004,002056,1994,01,25.3,Y
IDCJAC0004,002056,1994,02,24.6,Y
IDCJAC0004,002056,1994,03,22.2,Y
IDCJAC0004,002056,1994,04,20.2,Y
IDCJAC0004,002056,1994,05,18.2,Y
IDCJAC0004,002056,1994,06,14.2,Y
IDCJAC0004,002056,1994,07,13.0,Y
IDCJAC0004,002056,1994,08,14.9,Y
IDCJAC0004,002056,1994,09,17.8,Y
IDCJAC0004,002056,1994,10,22.1,Y
IDCJAC0004,002056,1994,11,24.7,Y
IDCJAC0004,002056,1994,12,25.1,Y
IDCJAC0004,002056,1995,01,24.9,Y
IDCJAC0004,002056,1995,02,25.2,Y
IDCJAC0004,002056,1995,03,23.9,Y
IDCJAC0004,002056,1995,04,21.2,Y
IDCJAC0004,002056,1995,05,19.2,Y
IDCJAC0004,002056,1995,06,16.0,Y
IDCJAC0004,002056,1995,07,16.0,Y
IDCJAC0004,002056,1995,08,16.9,Y
IDCJAC0004,002056,1995,09,21.7,Y
IDCJAC0004,002056,1995,10,23.2,Y
IDCJAC0004,002056,1995,11,25.5,Y
IDCJAC0004,002056,1995,12,25.4,Y
IDCJAC0004,002056,1996,01,25.6,Y
IDCJAC0004,002056,1996,02,24.6,Y
IDCJAC0004,002056,1996,03,22.8,Y
IDCJAC0004,002056,1996,04,21.3,Y
IDCJAC0004,002056,1996,05,16.7,Y
IDCJAC0004,002056,1996,06,17.2,Y
IDCJAC0004,002056,1996,07,14.7,Y
IDCJAC0004,002056,1996,08,17.3,Y
IDCJAC0004,002056,1996,09,18.9,Y
IDCJAC0004,002056,1996,10,23.3,Y
IDCJAC0004,002056,1996,11,23.6,Y
IDCJAC0004,002056,1996,12,24.6,Y
IDCJAC0004,002056,1997,01,24.2,Y
IDCJAC0004,002056,1997,02,25.2,Y
IDCJAC0004,002056,1997,03,22.4,Y
IDCJAC0004,002056,1997,04,20.4,Y
IDCJAC0004,002056,1997,05,19.9,Y
IDCJAC0004,002056,1997,06,16.2,Y
IDCJAC0004,002056,1997,07,14.9,Y
IDCJAC0004,002056,1997,08,16.9,Y
IDCJAC0004,002056,1997,09,20.5,Y
IDCJAC0004,002056,1997,10,23.7,Y
IDCJAC0004,002056,1997,11,24.5,Y
IDCJAC0004,002056,1997,12,25.2,Y
IDCJAC0004,002056,1998,01,25.5,Y
IDCJAC0004,002056,1998,02,25.3,Y
IDCJAC0004,002056,1998,03,25.1,Y
IDCJAC0004,002056,1998,04,23.9,Y
IDCJAC0004,002056,1998,05,19.7,Y
IDCJAC0004,002056,1998,06,18.5,Y
IDCJAC0004,002056,1998,07,18.9,Y
IDCJAC0004,002056,1998,08,17.5,Y
IDCJAC0004,002056,1998,09,21.8,Y
IDCJAC0004,002056,1998,10,25.4,Y
IDCJAC0004,002056,1998,11,25.9,Y
IDCJAC0004,002056,1998,12,25.4,Y
IDCJAC0004,002056,1999,01,24.9,Y
IDCJAC0004,002056,1999,02,24.7,Y
IDCJAC0004,002056,1999,03,24.4,Y
IDCJAC0004,002056,1999,04,21.6,Y
IDCJAC0004,002056,1999,05,15.5,Y
IDCJAC0004,002056,1999,06,15.3,Y
IDCJAC0004,002056,1999,07,13.4,Y
IDCJAC0004,002056,1999,08,16.2,Y
IDCJAC0004,002056,1999,09,19.5,Y
IDCJAC0004,002056,1999,10,24.4,Y
IDCJAC0004,002056,1999,11,24.3,Y
IDCJAC0004,002056,1999,12,25.1,Y
IDCJAC0004,002056,2000,01,24.6,Y
IDCJAC0004,002056,2000,02,24.2,Y
IDCJAC0004,002056,2000,03,24.3,Y
IDCJAC0004,002056,2000,04,23.4,Y
IDCJAC0004,002056,2000,05,19.8,Y
IDCJAC0004,002056,2000,06,15.0,Y
IDCJAC0004,002056,2000,07,14.7,Y
IDCJAC0004,002056,2000,08,16.0,Y
IDCJAC0004,002056,2000,09,20.4,Y
IDCJAC0004,002056,2000,10,23.3,Y
IDCJAC0004,002056,2000,11,25.5,Y
IDCJAC0004,002056,2000,12,25.1,Y
IDCJAC0004,002056,2001,01,25.0,Y
IDCJAC0004,002056,2001,02,24.7,Y
IDCJAC0004,002056,2001,03,24.4,Y
IDCJAC0004,002056,2001,04,22.2,Y
IDCJAC0004,002056,2001,05,16.6,Y
IDCJAC0004,002056,2001,06,17.5,Y
IDCJAC0004,002056,2001,07,17.6,Y
IDCJAC0004,002056,2001,08,14.4,Y
IDCJAC0004,002056,2001,09,21.2,Y
IDCJAC0004,002056,2001,10,24.8,Y
IDCJAC0004,002056,2001,11,25.5,Y
IDCJAC0004,002056,2001,12,25.0,Y
IDCJAC0004,002056,2002,01,24.6,Y
IDCJAC0004,002056,2002,02,24.4,Y
IDCJAC0004,002056,2002,03,24.1,Y
IDCJAC0004,002056,2002,04,22.1,Y
IDCJAC0004,002056,2002,05,18.7,Y
IDCJAC0004,002056,2002,06,14.2,Y
IDCJAC0004,002056,2002,07,11.8,Y
IDCJAC0004,002056,2002,08,13.7,Y
IDCJAC0004,002056,2002,09,21.1,Y
IDCJAC0004,002056,2002,10,22.8,Y
IDCJAC0004,002056,2002,11,25.4,Y
IDCJAC0004,002056,2002,12,26.1,Y
IDCJAC0004,002056,2003,01,25.9,Y
IDCJAC0004,002056,2003,02,25.0,Y
IDCJAC0004,002056,2003,03,22.7,Y
IDCJAC0004,002056,2003,04,23.1,Y
IDCJAC0004,002056,2003,05,18.6,Y
IDCJAC0004,002056,2003,06,15.3,Y
IDCJAC0004,002056,2003,07,15.6,Y
IDCJAC0004,002056,2003,08,16.5,Y
IDCJAC0004,002056,2003,09,21.2,Y
IDCJAC0004,002056,2003,10,22.6,Y
IDCJAC0004,002056,2003,11,25.5,Y
IDCJAC0004,002056,2003,12,25.1,Y
IDCJAC0004,002056,2004,01,25.1,Y
IDCJAC0004,002056,2004,02,24.8,Y
IDCJAC0004,002056,2004,03,24.6,Y
IDCJAC0004,002056,2004,04,21.0,Y
IDCJAC0004,002056,2004,05,20.5,Y
IDCJAC0004,002056,2004,06,15.0,Y
IDCJAC0004,002056,2004,07,13.9,Y
IDCJAC0004,002056,2004,08,15.3,Y
IDCJAC0004,002056,2004,09,18.5,Y
IDCJAC0004,002056,2004,10,23.5,Y
IDCJAC0004,002056,2004,11,25.4,Y
IDCJAC0004,002056,2004,12,25.8,Y
IDCJAC0004,002056,2005,01,24.8,Y
IDCJAC0004,002056,2005,02,24.7,Y
IDCJAC0004,002056,2005,03,24.0,Y
IDCJAC0004,002056,2005,04,21.6,Y
IDCJAC0004,002056,2005,05,16.5,Y
IDCJAC0004,002056,2005,06,16.8,Y
IDCJAC0004,002056,2005,07,16.3,Y
IDCJAC0004,002056,2005,08,15.8,Y
IDCJAC0004,002056,2005,09,21.3,Y
IDCJAC0004,002056,2005,10,25.1,Y
IDCJAC0004,002056,2005,11,25.8,Y
IDCJAC0004,002056,2005,12,25.4,Y
IDCJAC0004,002056,2006,01,24.8,Y
IDCJAC0004,002056,2006,02,24.4,Y
IDCJAC0004,002056,2006,03,24.3,Y
IDCJAC0004,002056,2006,04,23.1,Y
IDCJAC0004,002056,2006,05,17.1,Y
IDCJAC0004,002056,2006,06,14.1,Y
IDCJAC0004,002056,2006,07,12.8,Y
IDCJAC0004,002056,2006,08,14.7,Y
IDCJAC0004,002056,2006,09,18.3,Y
IDCJAC0004,002056,2006,10,22.5,Y
IDCJAC0004,002056,2006,11,25.7,Y
IDCJAC0004,002056,2006,12,25.2,Y
IDCJAC0004,002056,2007,01,25.3,Y
IDCJAC0004,002056,2007,02,25.0,Y
IDCJAC0004,002056,2007,03,24.5,Y
IDCJAC0004,002056,2007,04,21.1,Y
IDCJAC0004,002056,2007,05,21.6,Y
IDCJAC0004,002056,2007,06,15.4,Y
IDCJAC0004,002056,2007,07,12.5,Y
IDCJAC0004,002056,2007,08,14.9,Y
IDCJAC0004,002056,2007,09,18.5,Y
IDCJAC0004,002056,2007,10,23.0,Y
IDCJAC0004,002056,2007,11,24.1,Y
IDCJAC0004,002056,2007,12,25.4,Y
IDCJAC0004,002056,2008,01,24.9,Y
IDCJAC0004,002056,2008,02,24.6,Y
IDCJAC0004,002056,2008,03,24.0,Y
IDCJAC0004,002056,2008,04,17.8,Y
IDCJAC0004,002056,2008,05,14.7,Y
IDCJAC0004,002056,2008,06,15.5,Y
IDCJAC0004,002056,2008,07,11.7,Y
IDCJAC0004,002056,2008,08,15.4,Y
IDCJAC0004,002056,2008,09,20.8,Y
IDCJAC0004,002056,2008,10,23.2,Y
IDCJAC0004,002056,2008,11,26.7,Y
IDCJAC0004,002056,2008,12,25.1,Y
IDCJAC0004,002056,2009,01,24.7,Y
IDCJAC0004,002056,2009,02,24.3,Y
IDCJAC0004,002056,2009,03,23.4,Y
IDCJAC0004,002056,2009,04,21.7,Y
IDCJAC0004,002056,2009,05,18.3,Y
IDCJAC0004,002056,2009,06,15.3,Y
IDCJAC0004,002056,2009,07,15.1,Y
IDCJAC0004,002056,2009,08,16.1,Y
IDCJAC0004,002056,2009,09,21.1,Y
IDCJAC0004,002056,2009,10,21.8,Y
IDCJAC0004,002056,2009,11,24.9,Y
IDCJAC0004,002056,2009,12,25.2,Y
IDCJAC0004,002056,2010,01,25.0,Y
IDCJAC0004,002056,2010,02,24.9,Y
IDCJAC0004,002056,2010,03,24.4,Y
IDCJAC0004,002056,2010,04,23.8,Y
IDCJAC0004,002056,2010,05,21.2,Y
IDCJAC0004,002056,2010,06,14.9,Y
IDCJAC0004,002056,2010,07,18.5,Y
IDCJAC0004,002056,2010,08,17.6,Y
IDCJAC0004,002056,2010,09,22.5,Y
IDCJAC0004,002056,2010,10,23.1,Y
IDCJAC0004,002056,2010,11,22.9,Y
IDCJAC0004,002056,2010,12,24.6,Y
IDCJAC0004,002056,2011,01,24.3,Y
IDCJAC0004,002056,2011,02,24.1,Y
IDCJAC0004,002056,2011,03,24.4,Y
IDCJAC0004,002056,2011,04,20.5,Y
IDCJAC0004,002056,2011,05,15.4,Y
IDCJAC0004,002056,2011,06,11.3,Y
IDCJAC0004,002056,2011,07,14.8,Y
IDCJAC0004,002056,2011,08,13.5,Y
IDCJAC0004,002056,2011,09,16.4,Y
IDCJAC0004,002056,2011,10,22.4,Y
IDCJAC0004,002056,2011,11,24.2,Y
IDCJAC0004,002056,2011,12,25.4,Y
IDCJAC0004,002056,2012,01,24.8,Y
IDCJAC0004,002056,2012,02,24.0,Y
IDCJAC0004,002056,2012,03,24.0,Y
IDCJAC0004,002056,2012,04,20.8,Y
IDCJAC0004,002056,2012,05,16.0,Y
IDCJAC0004,002056,2012,06,11.7,Y
IDCJAC0004,002056,2012,07,13.5,Y
IDCJAC0004,002056,2012,08,11.6,Y
IDCJAC0004,002056,2012,09,16.6,Y
IDCJAC0004,002056,2012,10,21.4,Y
IDCJAC0004,002056,2012,11,24.9,Y
IDCJAC0004,002056,2012,12,24.8,Y
IDCJAC0004,002056,2013,01,25.2,Y
IDCJAC0004,002056,2013,02,24.7,Y
IDCJAC0004,002056,2013,03,24.7,Y
IDCJAC0004,002056,2013,04,20.0,Y
IDCJAC0004,002056,2013,05,20.1,Y
IDCJAC0004,002056,2013,06,17.0,Y
IDCJAC0004,002056,2013,07,14.9,Y
IDCJAC0004,002056,2013,08,13.4,Y
IDCJAC0004,002056,2013,09,19.4,Y
IDCJAC0004,002056,2013,10,22.9,Y
IDCJAC0004,002056,2013,11,24.8,Y
IDCJAC0004,002056,2013,12,25.0,Y
IDCJAC0004,002056,2014,01,24.4,Y
IDCJAC0004,002056,2014,02,24.1,Y
IDCJAC0004,002056,2014,03,23.7,Y
IDCJAC0004,002056,2014,04,22.5,Y
IDCJAC0004,002056,2014,05,19.1,Y
IDCJAC0004,002056,2014,06,15.6,Y
IDCJAC0004,002056,2014,07,13.8,Y
IDCJAC0004,002056,2014,08,13.7,Y
IDCJAC0004,002056,2014,09,16.1,Y
IDCJAC0004,002056,2014,10,21.7,Y
IDCJAC0004,002056,2014,11,25.5,Y
IDCJAC0004,002056,2014,12,26.1,Y
IDCJAC0004,002056,2015,01,25.0,Y
IDCJAC0004,002056,2015,02,24.4,Y
IDCJAC0004,002056,2015,03,25.0,Y
IDCJAC0004,002056,2015,04,21.6,Y
IDCJAC0004,002056,2015,05,16.1,Y
IDCJAC0004,002056,2015,06,15.5,Y
IDCJAC0004,002056,2015,07,14.0,Y
IDCJAC0004,002056,2015,08,15.1,Y
IDCJAC0004,002056,2015,09,17.1,Y
IDCJAC0004,002056,2015,10,22.9,Y
IDCJAC0004,002056,2015,11,25.2,Y
IDCJAC0004,002056,2015,12,25.1,Y
IDCJAC0004,002056,2016,01,26.0,Y
IDCJAC0004,002056,2016,02,25.6,Y
IDCJAC0004,002056,2016,03,25.9,Y
IDCJAC0004,002056,2016,04,21.5,Y
IDCJAC0004,002056,2016,05,21.0,Y
IDCJAC0004,002056,2016,06,19.1,Y
IDCJAC0004,002056,2016,07,14.8,Y
IDCJAC0004,002056,2016,08,15.3,Y
IDCJAC0004,002056,2016,09,22.5,Y
IDCJAC0004,002056,2016,10,22.6,Y
IDCJAC0004,002056,2016,11,25.5,Y
IDCJAC0004,002056,2016,12,25.9,Y
IDCJAC0004,002056,2017,01,24.9,Y
IDCJAC0004,002056,2017,02,24.1,Y
IDCJAC0004,002056,2017,03,25.4,Y
IDCJAC0004,002056,2017,04,21.9,Y
IDCJAC0004,002056,2017,05,17.3,Y
IDCJAC0004,002056,2017,06,15.0,Y
IDCJAC0004,002056,2017,07,15.6,Y
IDCJAC0004,002056,2017,08,14.8,Y
IDCJAC0004,002056,2017,09,17.5,Y
IDCJAC0004,002056,2017,10,24.5,Y
IDCJAC0004,002056,2017,11,24.2,Y
IDCJAC0004,002056,2017,12,25.6,Y
IDCJAC0004,002056,2018,01,24.9,Y
IDCJAC0004,002056,2018,02,24.7,Y
IDCJAC0004,002056,2018,03,23.7,Y
IDCJAC0004,002056,2018,04,21.0,Y
IDCJAC0004,002056,2018,05,16.6,Y
IDCJAC0004,002056,2018,06,13.4,Y
IDCJAC0004,002056,2018,07,12.1,Y
IDCJAC0004,002056,2018,08,12.6,Y
IDCJAC0004,002056,2018,09,18.5,Y
IDCJAC0004,002056,2018,10,23.7,Y
IDCJAC0004,002056,2018,11,25.2,Y
IDCJAC0004,002056,2018,12,26.3,Y
IDCJAC0004,002056,2019,01,25.4,Y
IDCJAC0004,002056,2019,02,24.8,Y
IDCJAC0004,002056,2019,03,24.4,Y
IDCJAC0004,002056,2019,04,21.7,Y
IDCJAC0004,002056,2019,05,18.9,Y
IDCJAC0004,002056,2019,06,14.7,Y
IDCJAC0004,002056,2019,07,13.1,Y
IDCJAC0004,002056,2019,08,13.8,Y
IDCJAC0004,002056,2019,09,17.5,Y
IDCJAC0004,002056,2019,10,21.2,Y
IDCJAC0004,002056,2019,11,23.9,Y
IDCJAC0004,002056,2019,12,25.9,Y
IDCJAC0004,002056,2020,01,25.6,Y
IDCJAC0004,002056,2020,02,25.8,Y
IDCJAC0004,002056,2020,03,23.2,Y
IDCJAC0004,002056,2020,04,22.4,Y
IDCJAC0004,002056,2020,05,17.4,Y
IDCJAC0004,002056,2020,06,14.8,Y
IDCJAC0004,002056,2020,07,13.0,Y
IDCJAC0004,002056,2020,08,15.9,Y
IDCJAC0004,002056,2020,09,21.4,Y
IDCJAC0004,002056,2020,10,23.7,Y
IDCJAC0004,002056,2020,11,25.5,Y
IDCJAC0004,002056,2020,12,25.0,Y
IDCJAC0004,002056,2021,01,25.1,Y
IDCJAC0004,002056,2021,02,25.0,Y
IDCJAC0004,002056,2021,03,24.2,Y
IDCJAC0004,002056,2021,04,19.6,Y
IDCJAC0004,002056,2021,05,15.7,Y
IDCJAC0004,002056,2021,06,15.3,Y
IDCJAC0004,002056,2021,07,13.4,Y
IDCJAC0004,002056,2021,08,16.2,Y
IDCJAC0004,002056,2021,09,19.3,Y
IDCJAC0004,002056,2021,10,23.9,Y
IDCJAC0004,002056,2021,11,24.4,Y
IDCJAC0004,002056,2021,12,25.7,Y
IDCJAC0004,002056,2022,01,24.8,Y
IDCJAC0004,002056,2022,02,24.6,Y
IDCJAC0004,002056,2022,03,24.4,Y
IDCJAC0004,002056,2022,04,20.8,Y
IDCJAC0004,002056,2022,05,18.6,Y
IDCJAC0004,002056,2022,06,16.5,Y
IDCJAC0004,002056,2022,07,10.3,Y
IDCJAC0004,002056,2022,08,14.3,Y
IDCJAC0004,002056,2022,09,21.1,Y
IDCJAC0004,002056,2022,10,24.3,Y
IDCJAC0004,002056,2022,11,24.8,Y
IDCJAC0004,002056,2022,12,24.1,Y
IDCJAC0004,002056,2023,01,24.8,Y
IDCJAC0004,002056,2023,02,24.4,Y
IDCJAC0004,002056,2023,03,23.5,Y
IDCJAC0004,002056,2023,04,22.4,Y
IDCJAC0004,002056,2023,05,14.5,Y
IDCJAC0004,002056,2023,06,15.9,Y
IDCJAC0004,002056,2023,07,15.1,Y
IDCJAC0004,002056,2023,08,15.9,Y
IDCJAC0004,002056,2023,09,17.9,Y
IDCJAC0004,002056,2023,10,20.4,Y
IDCJAC0004,002056,2023,11,24.8,Y
IDCJAC0004,002056,2023,12,26.2,Y
IDCJAC0004,002056,2024,01,25.2,Y
IDCJAC0004,002056,2024,02,25.4,Y
IDCJAC0004,002056,2024,03,25.3,Y
IDCJAC0004,002056,2024,04,20.6,Y
IDCJAC0004,002056,2024,05,18.9,Y
IDCJAC0004,002056,2024,06,13.9,Y
IDCJAC0004,002056,2024,07,15.1,Y
IDCJAC0004,002056,2024,08,15.5,Y
