Product code,Station number,Year,Month,Monthly Precipitation Total (millimetres),Quality
IDCJAC0001,010092,1903,01,2.8,Y
IDCJAC0001,010092,1903,02,15.5,Y
IDCJAC0001,010092,1903,03,1.3,Y
IDCJAC0001,010092,1903,04,32.5,Y
IDCJAC0001,010092,1903,05,24.6,Y
IDCJAC0001,010092,1903,06,21.6,Y
IDCJAC0001,010092,1903,07,27.4,Y
IDCJAC0001,010092,1903,08,43.2,Y
IDCJAC0001,010092,1903,09,47.0,Y
IDCJAC0001,010092,1903,10,22.9,Y
IDCJAC0001,010092,1903,11,7.1,Y
IDCJAC0001,010092,1903,12,3.3,Y
IDCJAC0001,010092,1904,01,0.0,Y
IDCJAC0001,010092,1904,02,0.0,Y
IDCJAC0001,010092,1904,03,28.4,Y
IDCJAC0001,010092,1904,04,10.2,Y
IDCJAC0001,010092,1904,05,19.8,Y
IDCJAC0001,010092,1904,06,55.9,Y
IDCJAC0001,010092,1904,07,84.1,Y
IDCJAC0001,010092,1904,08,20.1,Y
IDCJAC0001,010092,1904,09,85.6,Y
IDCJAC0001,010092,1904,10,60.2,Y
IDCJAC0001,010092,1904,11,5.8,Y
IDCJAC0001,010092,1904,12,44.7,Y
IDCJAC0001,010092,1905,01,2.8,Y
IDCJAC0001,010092,1905,02,9.1,Y
IDCJAC0001,010092,1905,03,0.0,Y
IDCJAC0001,010092,1905,04,8.1,Y
IDCJAC0001,010092,1905,05,64.8,Y
IDCJAC0001,010092,1905,06,24.6,Y
IDCJAC0001,010092,1905,07,42.4,Y
IDCJAC0001,010092,1905,08,26.9,Y
IDCJAC0001,010092,1905,09,45.5,Y
IDCJAC0001,010092,1905,10,4.3,Y
IDCJAC0001,010092,1905,11,10.7,Y
IDCJAC0001,010092,1905,12,32.0,Y
IDCJAC0001,010092,1906,01,5.1,Y
IDCJAC0001,010092,1906,02,4.8,Y
IDCJAC0001,010092,1906,03,0.0,Y
IDCJAC0001,010092,1906,04,1.5,Y
IDCJAC0001,010092,1906,05,41.9,Y
IDCJAC0001,010092,1906,06,36.3,Y
IDCJAC0001,010092,1906,07,83.3,Y
IDCJAC0001,010092,1906,08,34.3,Y
IDCJAC0001,010092,1906,09,20.8,Y
IDCJAC0001,010092,1906,10,9.4,Y
IDCJAC0001,010092,1906,11,11.4,Y
IDCJAC0001,010092,1906,12,7.9,Y
IDCJAC0001,010092,1907,01,15.5,Y
IDCJAC0001,010092,1907,02,2.5,Y
IDCJAC0001,010092,1907,03,30.5,Y
IDCJAC0001,010092,1907,04,6.6,Y
IDCJAC0001,010092,1907,05,29.2,Y
IDCJAC0001,010092,1907,06,42.2,Y
IDCJAC0001,010092,1907,07,74.6,Y
IDCJAC0001,010092,1907,08,36.1,Y
IDCJAC0001,010092,1907,09,21.5,Y
IDCJAC0001,010092,1907,10,5.6,Y
IDCJAC0001,010092,1907,11,1.0,Y
IDCJAC0001,010092,1907,12,0.0,Y
IDCJAC0001,010092,1908,01,0.0,Y
IDCJAC0001,010092,1908,02,9.1,Y
IDCJAC0001,010092,1908,03,17.5,Y
IDCJAC0001,010092,1908,04,31.5,Y
IDCJAC0001,010092,1908,05,64.2,Y
IDCJAC0001,010092,1908,06,27.2,Y
IDCJAC0001,010092,1908,07,45.0,Y
IDCJAC0001,010092,1908,08,16.7,Y
IDCJAC0001,010092,1908,09,7.6,Y
IDCJAC0001,010092,1908,10,3.1,Y
IDCJAC0001,010092,1908,11,32.5,Y
IDCJAC0001,010092,1908,12,7.1,Y
IDCJAC0001,010092,1909,01,8.6,Y
IDCJAC0001,010092,1909,02,5.3,Y
IDCJAC0001,010092,1909,03,7.9,Y
IDCJAC0001,010092,1909,04,42.0,Y
IDCJAC0001,010092,1909,05,33.9,Y
IDCJAC0001,010092,1909,06,61.8,Y
IDCJAC0001,010092,1909,07,42.8,Y
IDCJAC0001,010092,1909,08,86.2,Y
IDCJAC0001,010092,1909,09,25.9,Y
IDCJAC0001,010092,1909,10,14.7,Y
IDCJAC0001,010092,1909,11,14.5,Y
IDCJAC0001,010092,1909,12,0.0,Y
IDCJAC0001,010092,1910,01,0.5,Y
IDCJAC0001,010092,1910,02,27.9,Y
IDCJAC0001,010092,1910,03,0.0,Y
IDCJAC0001,010092,1910,04,2.8,Y
IDCJAC0001,010092,1910,05,57.5,Y
IDCJAC0001,010092,1910,06,95.1,Y
IDCJAC0001,010092,1910,07,91.2,Y
IDCJAC0001,010092,1910,08,16.4,Y
IDCJAC0001,010092,1910,09,6.4,Y
IDCJAC0001,010092,1910,10,21.1,Y
IDCJAC0001,010092,1910,11,8.7,Y
IDCJAC0001,010092,1910,12,0.0,Y
IDCJAC0001,010092,1911,01,20.9,Y
IDCJAC0001,010092,1911,02,4.3,Y
IDCJAC0001,010092,1911,03,4.3,Y
IDCJAC0001,010092,1911,04,8.6,Y
IDCJAC0001,010092,1911,05,18.0,Y
IDCJAC0001,010092,1911,06,15.0,Y
IDCJAC0001,010092,1911,07,39.4,Y
IDCJAC0001,010092,1911,08,24.3,Y
IDCJAC0001,010092,1911,09,10.9,Y
IDCJAC0001,010092,1911,10,7.6,Y
IDCJAC0001,010092,1911,11,0.0,Y
IDCJAC0001,010092,1911,12,1.8,Y
IDCJAC0001,010092,1912,01,22.1,Y
IDCJAC0001,010092,1912,02,0.6,Y
IDCJAC0001,010092,1912,03,1.3,Y
IDCJAC0001,010092,1912,04,25.5,Y
IDCJAC0001,010092,1912,05,38.2,Y
IDCJAC0001,010092,1912,06,5.9,Y
IDCJAC0001,010092,1912,07,80.9,Y
IDCJAC0001,010092,1912,08,15.8,N
IDCJAC0001,010092,1912,09,36.7,N
IDCJAC0001,010092,1912,10,21.8,N
IDCJAC0001,010092,1912,11,5.3,N
IDCJAC0001,010092,1912,12,23.4,N
IDCJAC0001,010092,1913,01,0.0,Y
IDCJAC0001,010092,1913,02,0.0,Y
IDCJAC0001,010092,1913,03,2.3,Y
IDCJAC0001,010092,1913,04,9.3,Y
IDCJAC0001,010092,1913,05,8.1,Y
IDCJAC0001,010092,1913,06,70.9,Y
IDCJAC0001,010092,1913,07,28.3,Y
IDCJAC0001,010092,1913,08,60.0,Y
IDCJAC0001,010092,1913,09,34.9,Y
IDCJAC0001,010092,1913,10,26.0,Y
IDCJAC0001,010092,1913,11,1.3,Y
IDCJAC0001,010092,1913,12,57.2,Y
IDCJAC0001,010092,1914,01,2.0,Y
IDCJAC0001,010092,1914,02,0.8,Y
IDCJAC0001,010092,1914,03,0.5,Y
IDCJAC0001,010092,1914,04,7.9,Y
IDCJAC0001,010092,1914,05,2.3,Y
IDCJAC0001,010092,1914,06,27.9,Y
IDCJAC0001,010092,1914,07,28.6,Y
IDCJAC0001,010092,1914,08,17.8,Y
IDCJAC0001,010092,1914,09,0.0,Y
IDCJAC0001,010092,1914,10,25.7,Y
IDCJAC0001,010092,1914,11,16.8,Y
IDCJAC0001,010092,1914,12,0.0,Y
IDCJAC0001,010092,1915,01,55.8,Y
IDCJAC0001,010092,1915,02,45.4,Y
IDCJAC0001,010092,1915,03,10.5,Y
IDCJAC0001,010092,1915,04,14.1,Y
IDCJAC0001,010092,1915,05,55.9,Y
IDCJAC0001,010092,1915,06,38.6,Y
IDCJAC0001,010092,1915,07,58.5,Y
IDCJAC0001,010092,1915,08,48.3,Y
IDCJAC0001,010092,1915,09,28.2,Y
IDCJAC0001,010092,1915,10,22.7,Y
IDCJAC0001,010092,1915,11,0.0,Y
IDCJAC0001,010092,1915,12,0.0,Y
IDCJAC0001,010092,1916,01,34.9,Y
IDCJAC0001,010092,1916,02,5.1,Y
IDCJAC0001,010092,1916,03,13.0,Y
IDCJAC0001,010092,1916,04,6.6,Y
IDCJAC0001,010092,1916,05,28.5,Y
IDCJAC0001,010092,1916,06,54.0,Y
IDCJAC0001,010092,1916,07,52.2,Y
IDCJAC0001,010092,1916,08,49.3,Y
IDCJAC0001,010092,1916,09,17.0,Y
IDCJAC0001,010092,1916,10,34.4,Y
IDCJAC0001,010092,1916,11,22.2,Y
IDCJAC0001,010092,1916,12,0.3,Y
IDCJAC0001,010092,1917,01,0.0,Y
IDCJAC0001,010092,1917,02,1.9,Y
IDCJAC0001,010092,1917,03,120.1,Y
IDCJAC0001,010092,1917,04,12.0,Y
IDCJAC0001,010092,1917,05,46.0,Y
IDCJAC0001,010092,1917,06,81.5,Y
IDCJAC0001,010092,1917,07,116.9,Y
IDCJAC0001,010092,1917,08,53.4,Y
IDCJAC0001,010092,1917,09,54.0,Y
IDCJAC0001,010092,1917,10,47.2,Y
IDCJAC0001,010092,1917,11,17.8,Y
IDCJAC0001,010092,1917,12,14.2,Y
IDCJAC0001,010092,1918,01,15.5,Y
IDCJAC0001,010092,1918,02,62.1,Y
IDCJAC0001,010092,1918,03,15.6,Y
IDCJAC0001,010092,1918,04,52.4,Y
IDCJAC0001,010092,1918,05,38.8,Y
IDCJAC0001,010092,1918,06,73.4,Y
IDCJAC0001,010092,1918,07,44.0,Y
IDCJAC0001,010092,1918,08,43.0,Y
IDCJAC0001,010092,1918,09,25.0,Y
IDCJAC0001,010092,1918,10,29.0,Y
IDCJAC0001,010092,1918,11,31.0,Y
IDCJAC0001,010092,1918,12,2.5,Y
IDCJAC0001,010092,1919,01,1.5,Y
IDCJAC0001,010092,1919,02,0.0,Y
IDCJAC0001,010092,1919,03,26.4,Y
IDCJAC0001,010092,1919,04,108.6,Y
IDCJAC0001,010092,1919,05,6.0,Y
IDCJAC0001,010092,1919,06,38.4,Y
IDCJAC0001,010092,1919,07,66.4,Y
IDCJAC0001,010092,1919,08,37.0,Y
IDCJAC0001,010092,1919,09,14.5,Y
IDCJAC0001,010092,1919,10,55.2,Y
IDCJAC0001,010092,1919,11,11.4,Y
IDCJAC0001,010092,1919,12,4.1,Y
IDCJAC0001,010092,1920,01,19.5,Y
IDCJAC0001,010092,1920,02,10.8,Y
IDCJAC0001,010092,1920,03,66.5,Y
IDCJAC0001,010092,1920,04,35.3,Y
IDCJAC0001,010092,1920,05,38.1,Y
IDCJAC0001,010092,1920,06,64.1,Y
IDCJAC0001,010092,1920,07,55.1,Y
IDCJAC0001,010092,1920,08,67.1,Y
IDCJAC0001,010092,1920,09,25.3,Y
IDCJAC0001,010092,1920,10,8.5,Y
IDCJAC0001,010092,1920,11,12.7,Y
IDCJAC0001,010092,1920,12,0.0,Y
IDCJAC0001,010092,1921,01,9.1,Y
IDCJAC0001,010092,1921,02,6.8,Y
IDCJAC0001,010092,1921,03,7.4,Y
IDCJAC0001,010092,1921,04,0.8,Y
IDCJAC0001,010092,1921,05,117.3,Y
IDCJAC0001,010092,1921,06,57.2,Y
IDCJAC0001,010092,1921,07,35.1,Y
IDCJAC0001,010092,1921,08,39.1,Y
IDCJAC0001,010092,1921,09,31.5,Y
IDCJAC0001,010092,1921,10,23.3,Y
IDCJAC0001,010092,1921,11,0.5,Y
IDCJAC0001,010092,1921,12,30.8,Y
IDCJAC0001,010092,1922,01,0.0,Y
IDCJAC0001,010092,1922,02,18.8,Y
IDCJAC0001,010092,1922,03,43.8,Y
IDCJAC0001,010092,1922,04,24.1,Y
IDCJAC0001,010092,1922,05,53.9,Y
IDCJAC0001,010092,1922,06,10.0,Y
IDCJAC0001,010092,1922,07,94.5,Y
IDCJAC0001,010092,1922,08,25.1,Y
IDCJAC0001,010092,1922,09,17.8,Y
IDCJAC0001,010092,1922,10,2.5,Y
IDCJAC0001,010092,1922,11,4.3,Y
IDCJAC0001,010092,1922,12,12.5,Y
IDCJAC0001,010092,1923,01,4.8,Y
IDCJAC0001,010092,1923,02,20.1,Y
IDCJAC0001,010092,1923,03,6.6,Y
IDCJAC0001,010092,1923,04,46.0,Y
IDCJAC0001,010092,1923,05,53.3,Y
IDCJAC0001,010092,1923,06,131.0,Y
IDCJAC0001,010092,1923,07,32.1,Y
IDCJAC0001,010092,1923,08,19.6,Y
IDCJAC0001,010092,1923,09,36.5,Y
IDCJAC0001,010092,1923,10,8.7,Y
IDCJAC0001,010092,1923,11,0.0,Y
IDCJAC0001,010092,1923,12,92.5,Y
IDCJAC0001,010092,1924,01,0.0,Y
IDCJAC0001,010092,1924,02,6.9,Y
IDCJAC0001,010092,1924,03,17.3,Y
IDCJAC0001,010092,1924,04,12.2,Y
IDCJAC0001,010092,1924,05,54.7,Y
IDCJAC0001,010092,1924,06,57.6,Y
IDCJAC0001,010092,1924,07,25.9,Y
IDCJAC0001,010092,1924,08,48.1,Y
IDCJAC0001,010092,1924,09,35.1,Y
IDCJAC0001,010092,1924,10,52.9,Y
IDCJAC0001,010092,1924,11,11.7,Y
IDCJAC0001,010092,1924,12,0.8,Y
IDCJAC0001,010092,1925,01,46.7,Y
IDCJAC0001,010092,1925,02,34.1,Y
IDCJAC0001,010092,1925,03,12.7,Y
IDCJAC0001,010092,1925,04,11.5,Y
IDCJAC0001,010092,1925,05,36.9,Y
IDCJAC0001,010092,1925,06,51.3,Y
IDCJAC0001,010092,1925,07,41.2,Y
IDCJAC0001,010092,1925,08,6.2,Y
IDCJAC0001,010092,1925,09,22.9,Y
IDCJAC0001,010092,1925,10,11.7,Y
IDCJAC0001,010092,1925,11,1.8,Y
IDCJAC0001,010092,1925,12,24.3,Y
IDCJAC0001,010092,1926,01,0.0,Y
IDCJAC0001,010092,1926,02,6.9,Y
IDCJAC0001,010092,1926,03,56.8,Y
IDCJAC0001,010092,1926,04,15.5,Y
IDCJAC0001,010092,1926,05,27.8,Y
IDCJAC0001,010092,1926,06,48.4,Y
IDCJAC0001,010092,1926,07,74.4,Y
IDCJAC0001,010092,1926,08,23.2,Y
IDCJAC0001,010092,1926,09,25.8,Y
IDCJAC0001,010092,1926,10,24.1,Y
IDCJAC0001,010092,1926,11,9.6,Y
IDCJAC0001,010092,1926,12,1.3,Y
IDCJAC0001,010092,1927,01,6.4,Y
IDCJAC0001,010092,1927,02,1.3,Y
IDCJAC0001,010092,1927,03,161.0,Y
IDCJAC0001,010092,1927,04,12.0,Y
IDCJAC0001,010092,1927,05,14.7,Y
IDCJAC0001,010092,1927,06,48.8,Y
IDCJAC0001,010092,1927,07,40.9,Y
IDCJAC0001,010092,1927,08,30.1,Y
IDCJAC0001,010092,1927,09,67.5,Y
IDCJAC0001,010092,1927,10,17.1,Y
IDCJAC0001,010092,1927,11,5.6,Y
IDCJAC0001,010092,1927,12,17.0,Y
IDCJAC0001,010092,1928,01,12.1,Y
IDCJAC0001,010092,1928,02,0.0,Y
IDCJAC0001,010092,1928,03,29.7,Y
IDCJAC0001,010092,1928,04,19.6,Y
IDCJAC0001,010092,1928,05,24.0,Y
IDCJAC0001,010092,1928,06,32.0,Y
IDCJAC0001,010092,1928,07,56.1,Y
IDCJAC0001,010092,1928,08,40.6,Y
IDCJAC0001,010092,1928,09,16.3,Y
IDCJAC0001,010092,1928,10,6.9,Y
IDCJAC0001,010092,1928,11,0.0,Y
IDCJAC0001,010092,1928,12,24.6,Y
IDCJAC0001,010092,1929,01,11.9,Y
IDCJAC0001,010092,1929,02,49.1,Y
IDCJAC0001,010092,1929,03,23.3,Y
IDCJAC0001,010092,1929,04,0.5,Y
IDCJAC0001,010092,1929,05,90.4,Y
IDCJAC0001,010092,1929,06,98.8,Y
IDCJAC0001,010092,1929,07,34.9,Y
IDCJAC0001,010092,1929,08,32.5,Y
IDCJAC0001,010092,1929,09,5.4,Y
IDCJAC0001,010092,1929,10,13.2,Y
IDCJAC0001,010092,1929,11,59.1,Y
IDCJAC0001,010092,1929,12,0.3,Y
IDCJAC0001,010092,1930,01,0.0,Y
IDCJAC0001,010092,1930,02,0.3,Y
IDCJAC0001,010092,1930,03,54.1,Y
IDCJAC0001,010092,1930,04,69.2,Y
IDCJAC0001,010092,1930,05,13.0,Y
IDCJAC0001,010092,1930,06,95.1,Y
IDCJAC0001,010092,1930,07,56.7,Y
IDCJAC0001,010092,1930,08,46.0,Y
IDCJAC0001,010092,1930,09,23.1,Y
IDCJAC0001,010092,1930,10,9.7,Y
IDCJAC0001,010092,1930,11,0.0,Y
IDCJAC0001,010092,1930,12,7.9,Y
IDCJAC0001,010092,1931,01,0.0,Y
IDCJAC0001,010092,1931,02,2.0,Y
IDCJAC0001,010092,1931,03,0.5,Y
IDCJAC0001,010092,1931,04,57.1,Y
IDCJAC0001,010092,1931,05,60.0,Y
IDCJAC0001,010092,1931,06,32.5,Y
IDCJAC0001,010092,1931,07,64.3,Y
IDCJAC0001,010092,1931,08,68.2,Y
IDCJAC0001,010092,1931,09,27.2,Y
IDCJAC0001,010092,1931,10,17.4,Y
IDCJAC0001,010092,1931,11,10.7,Y
IDCJAC0001,010092,1931,12,12.4,Y
IDCJAC0001,010092,1932,01,18.3,Y
IDCJAC0001,010092,1932,02,3.6,Y
IDCJAC0001,010092,1932,03,17.3,Y
IDCJAC0001,010092,1932,04,13.0,Y
IDCJAC0001,010092,1932,05,43.9,Y
IDCJAC0001,010092,1932,06,23.4,Y
IDCJAC0001,010092,1932,07,73.7,Y
IDCJAC0001,010092,1932,08,72.7,Y
IDCJAC0001,010092,1932,09,20.1,Y
IDCJAC0001,010092,1932,10,75.2,Y
IDCJAC0001,010092,1932,11,0.0,Y
IDCJAC0001,010092,1932,12,3.8,Y
IDCJAC0001,010092,1933,01,5.8,Y
IDCJAC0001,010092,1933,02,0.0,Y
IDCJAC0001,010092,1933,03,4.8,Y
IDCJAC0001,010092,1933,04,5.6,Y
IDCJAC0001,010092,1933,05,45.3,Y
IDCJAC0001,010092,1933,06,63.0,Y
IDCJAC0001,010092,1933,07,35.4,Y
IDCJAC0001,010092,1933,08,50.6,Y
IDCJAC0001,010092,1933,09,16.0,Y
IDCJAC0001,010092,1933,10,31.2,Y
IDCJAC0001,010092,1933,11,12.8,Y
IDCJAC0001,010092,1933,12,7.1,Y
IDCJAC0001,010092,1934,01,19.8,Y
IDCJAC0001,010092,1934,02,3.3,Y
IDCJAC0001,010092,1934,03,43.3,Y
IDCJAC0001,010092,1934,04,113.6,Y
IDCJAC0001,010092,1934,05,6.6,Y
IDCJAC0001,010092,1934,06,50.4,Y
IDCJAC0001,010092,1934,07,60.5,Y
IDCJAC0001,010092,1934,08,48.3,Y
IDCJAC0001,010092,1934,09,31.0,Y
IDCJAC0001,010092,1934,10,11.2,Y
IDCJAC0001,010092,1934,11,18.0,Y
IDCJAC0001,010092,1934,12,4.3,Y
IDCJAC0001,010092,1935,01,13.4,Y
IDCJAC0001,010092,1935,02,10.1,Y
IDCJAC0001,010092,1935,03,10.4,Y
IDCJAC0001,010092,1935,04,21.2,Y
IDCJAC0001,010092,1935,05,16.4,Y
IDCJAC0001,010092,1935,06,21.5,Y
IDCJAC0001,010092,1935,07,67.3,Y
IDCJAC0001,010092,1935,08,65.7,Y
IDCJAC0001,010092,1935,09,23.1,Y
IDCJAC0001,010092,1935,10,34.3,Y
IDCJAC0001,010092,1935,11,2.0,Y
IDCJAC0001,010092,1935,12,6.1,Y
IDCJAC0001,010092,1936,01,23.3,Y
IDCJAC0001,010092,1936,02,0.5,Y
IDCJAC0001,010092,1936,03,13.3,Y
IDCJAC0001,010092,1936,04,2.8,Y
IDCJAC0001,010092,1936,05,22.9,Y
IDCJAC0001,010092,1936,06,58.7,Y
IDCJAC0001,010092,1936,07,36.6,Y
IDCJAC0001,010092,1936,08,43.8,Y
IDCJAC0001,010092,1936,09,13.8,Y
IDCJAC0001,010092,1936,10,3.5,Y
IDCJAC0001,010092,1936,11,4.6,Y
IDCJAC0001,010092,1936,12,31.2,Y
IDCJAC0001,010092,1937,01,5.1,Y
IDCJAC0001,010092,1937,02,0.8,Y
IDCJAC0001,010092,1937,03,12.4,Y
IDCJAC0001,010092,1937,04,15.2,Y
IDCJAC0001,010092,1937,05,59.7,Y
IDCJAC0001,010092,1937,06,41.7,Y
IDCJAC0001,010092,1937,07,11.8,Y
IDCJAC0001,010092,1937,08,50.5,Y
IDCJAC0001,010092,1937,09,11.6,Y
IDCJAC0001,010092,1937,10,7.4,Y
IDCJAC0001,010092,1937,11,19.8,Y
IDCJAC0001,010092,1937,12,2.5,Y
IDCJAC0001,010092,1938,01,14.5,Y
IDCJAC0001,010092,1938,02,0.8,Y
IDCJAC0001,010092,1938,03,22.6,Y
IDCJAC0001,010092,1938,04,19.9,Y
IDCJAC0001,010092,1938,05,21.6,Y
IDCJAC0001,010092,1938,06,42.9,Y
IDCJAC0001,010092,1938,07,46.7,Y
IDCJAC0001,010092,1938,08,22.1,Y
IDCJAC0001,010092,1938,09,28.7,Y
IDCJAC0001,010092,1938,10,7.5,Y
IDCJAC0001,010092,1938,11,12.5,Y
IDCJAC0001,010092,1938,12,5.4,Y
IDCJAC0001,010092,1939,01,4.6,Y
IDCJAC0001,010092,1939,02,69.6,Y
IDCJAC0001,010092,1939,03,0.3,Y
IDCJAC0001,010092,1939,04,11.1,Y
IDCJAC0001,010092,1939,05,56.5,Y
IDCJAC0001,010092,1939,06,66.9,Y
IDCJAC0001,010092,1939,07,59.1,Y
IDCJAC0001,010092,1939,08,55.5,Y
IDCJAC0001,010092,1939,09,3.6,Y
IDCJAC0001,010092,1939,10,42.4,Y
IDCJAC0001,010092,1939,11,30.0,Y
IDCJAC0001,010092,1939,12,0.0,Y
IDCJAC0001,010092,1940,01,1.4,Y
IDCJAC0001,010092,1940,02,0.0,Y
IDCJAC0001,010092,1940,03,2.0,Y
IDCJAC0001,010092,1940,04,2.8,Y
IDCJAC0001,010092,1940,05,15.4,Y
IDCJAC0001,010092,1940,06,30.2,Y
IDCJAC0001,010092,1940,07,40.2,Y
IDCJAC0001,010092,1940,08,6.9,Y
IDCJAC0001,010092,1940,09,16.3,Y
IDCJAC0001,010092,1940,10,36.8,Y
IDCJAC0001,010092,1940,11,5.6,Y
IDCJAC0001,010092,1940,12,55.1,Y
IDCJAC0001,010092,1941,01,0.0,Y
IDCJAC0001,010092,1941,02,8.4,Y
IDCJAC0001,010092,1941,03,4.3,Y
IDCJAC0001,010092,1941,04,23.0,Y
IDCJAC0001,010092,1941,05,59.3,Y
IDCJAC0001,010092,1941,06,88.0,Y
IDCJAC0001,010092,1941,07,44.0,Y
IDCJAC0001,010092,1941,08,39.1,Y
IDCJAC0001,010092,1941,09,33.6,Y
IDCJAC0001,010092,1941,10,17.4,Y
IDCJAC0001,010092,1941,11,9.9,Y
IDCJAC0001,010092,1941,12,17.9,Y
IDCJAC0001,010092,1942,01,8.9,Y
IDCJAC0001,010092,1942,02,12.1,Y
IDCJAC0001,010092,1942,03,39.3,Y
IDCJAC0001,010092,1942,04,39.5,Y
IDCJAC0001,010092,1942,05,44.1,Y
IDCJAC0001,010092,1942,06,44.7,Y
IDCJAC0001,010092,1942,07,48.9,Y
IDCJAC0001,010092,1942,08,48.0,Y
IDCJAC0001,010092,1942,09,32.0,Y
IDCJAC0001,010092,1942,10,11.8,Y
IDCJAC0001,010092,1942,11,16.0,Y
IDCJAC0001,010092,1942,12,67.4,Y
IDCJAC0001,010092,1943,01,15.7,Y
IDCJAC0001,010092,1943,02,80.0,Y
IDCJAC0001,010092,1943,03,77.4,Y
IDCJAC0001,010092,1943,04,48.5,Y
IDCJAC0001,010092,1943,05,31.0,Y
IDCJAC0001,010092,1943,06,64.7,Y
IDCJAC0001,010092,1943,07,50.5,Y
IDCJAC0001,010092,1943,08,62.4,Y
IDCJAC0001,010092,1943,09,28.2,Y
IDCJAC0001,010092,1943,10,6.9,Y
IDCJAC0001,010092,1943,11,12.4,Y
IDCJAC0001,010092,1943,12,21.9,Y
IDCJAC0001,010092,1944,01,4.5,Y
IDCJAC0001,010092,1944,02,0.5,Y
IDCJAC0001,010092,1944,03,6.9,Y
IDCJAC0001,010092,1944,04,16.5,Y
IDCJAC0001,010092,1944,05,67.6,Y
IDCJAC0001,010092,1944,06,19.9,Y
IDCJAC0001,010092,1944,07,76.4,Y
IDCJAC0001,010092,1944,08,53.3,Y
IDCJAC0001,010092,1944,09,10.2,Y
IDCJAC0001,010092,1944,10,1.8,Y
IDCJAC0001,010092,1944,11,0.5,Y
IDCJAC0001,010092,1944,12,5.1,Y
IDCJAC0001,010092,1945,01,0.0,Y
IDCJAC0001,010092,1945,02,1.8,Y
IDCJAC0001,010092,1945,03,26.4,Y
IDCJAC0001,010092,1945,04,8.1,Y
IDCJAC0001,010092,1945,05,44.4,Y
IDCJAC0001,010092,1945,06,118.6,Y
IDCJAC0001,010092,1945,07,31.5,Y
IDCJAC0001,010092,1945,08,85.2,Y
IDCJAC0001,010092,1945,09,25.8,Y
IDCJAC0001,010092,1945,10,2.8,Y
IDCJAC0001,010092,1945,11,1.5,Y
IDCJAC0001,010092,1945,12,4.6,Y
IDCJAC0001,010092,1946,01,0.0,Y
IDCJAC0001,010092,1946,02,10.7,Y
IDCJAC0001,010092,1946,03,1.0,Y
IDCJAC0001,010092,1946,04,11.5,Y
IDCJAC0001,010092,1946,05,52.0,Y
IDCJAC0001,010092,1946,06,86.5,Y
IDCJAC0001,010092,1946,07,103.0,Y
IDCJAC0001,010092,1946,08,53.9,Y
IDCJAC0001,010092,1946,09,22.4,Y
IDCJAC0001,010092,1946,10,1.8,Y
IDCJAC0001,010092,1946,11,37.6,Y
IDCJAC0001,010092,1946,12,0.0,Y
IDCJAC0001,010092,1947,01,1.8,Y
IDCJAC0001,010092,1947,02,0.6,Y
IDCJAC0001,010092,1947,03,24.2,Y
IDCJAC0001,010092,1947,04,28.0,Y
IDCJAC0001,010092,1947,05,45.9,Y
IDCJAC0001,010092,1947,06,64.2,Y
IDCJAC0001,010092,1947,07,48.5,Y
IDCJAC0001,010092,1947,08,13.0,Y
IDCJAC0001,010092,1947,09,19.8,Y
IDCJAC0001,010092,1947,10,54.5,Y
IDCJAC0001,010092,1947,11,10.5,Y
IDCJAC0001,010092,1947,12,2.8,Y
IDCJAC0001,010092,1948,01,8.1,Y
IDCJAC0001,010092,1948,02,3.1,Y
IDCJAC0001,010092,1948,03,2.6,Y
IDCJAC0001,010092,1948,04,41.2,Y
IDCJAC0001,010092,1948,05,1.3,Y
IDCJAC0001,010092,1948,06,51.3,Y
IDCJAC0001,010092,1948,07,58.8,Y
IDCJAC0001,010092,1948,08,51.4,Y
IDCJAC0001,010092,1948,09,30.2,Y
IDCJAC0001,010092,1948,10,13.2,Y
IDCJAC0001,010092,1948,11,12.7,Y
IDCJAC0001,010092,1948,12,5.1,Y
IDCJAC0001,010092,1949,01,0.0,Y
IDCJAC0001,010092,1949,02,3.8,Y
IDCJAC0001,010092,1949,03,4.0,Y
IDCJAC0001,010092,1949,04,8.7,Y
IDCJAC0001,010092,1949,05,2.5,Y
IDCJAC0001,010092,1949,06,37.5,Y
IDCJAC0001,010092,1949,07,68.7,Y
IDCJAC0001,010092,1949,08,79.8,Y
IDCJAC0001,010092,1949,09,5.3,Y
IDCJAC0001,010092,1949,10,16.0,Y
IDCJAC0001,010092,1949,11,20.1,Y
IDCJAC0001,010092,1949,12,4.0,Y
IDCJAC0001,010092,1950,01,6.6,Y
IDCJAC0001,010092,1950,02,0.0,Y
IDCJAC0001,010092,1950,03,0.0,Y
IDCJAC0001,010092,1950,04,0.0,Y
IDCJAC0001,010092,1950,05,76.5,Y
IDCJAC0001,010092,1950,06,29.5,Y
IDCJAC0001,010092,1950,07,39.5,Y
IDCJAC0001,010092,1950,08,37.1,Y
IDCJAC0001,010092,1950,09,28.4,Y
IDCJAC0001,010092,1950,10,24.9,Y
IDCJAC0001,010092,1950,11,6.3,Y
IDCJAC0001,010092,1950,12,0.0,Y
IDCJAC0001,010092,1951,01,12.0,Y
IDCJAC0001,010092,1951,02,73.4,Y
IDCJAC0001,010092,1951,03,1.6,Y
IDCJAC0001,010092,1951,04,51.0,Y
IDCJAC0001,010092,1951,05,22.3,Y
IDCJAC0001,010092,1951,06,65.4,Y
IDCJAC0001,010092,1951,07,49.6,Y
IDCJAC0001,010092,1951,08,27.8,Y
IDCJAC0001,010092,1951,09,9.5,Y
IDCJAC0001,010092,1951,10,14.4,Y
IDCJAC0001,010092,1951,11,37.1,Y
IDCJAC0001,010092,1951,12,18.2,Y
IDCJAC0001,010092,1952,01,18.0,Y
IDCJAC0001,010092,1952,02,5.8,Y
IDCJAC0001,010092,1952,03,14.0,Y
IDCJAC0001,010092,1952,04,5.1,Y
IDCJAC0001,010092,1952,05,57.5,Y
IDCJAC0001,010092,1952,06,23.4,Y
IDCJAC0001,010092,1952,07,55.0,Y
IDCJAC0001,010092,1952,08,14.3,Y
IDCJAC0001,010092,1952,09,22.5,Y
IDCJAC0001,010092,1952,10,24.7,Y
IDCJAC0001,010092,1952,11,7.6,Y
IDCJAC0001,010092,1952,12,34.1,Y
IDCJAC0001,010092,1953,01,0.6,Y
IDCJAC0001,010092,1953,02,11.2,Y
IDCJAC0001,010092,1953,03,94.0,Y
IDCJAC0001,010092,1953,04,39.8,Y
IDCJAC0001,010092,1953,05,104.9,Y
IDCJAC0001,010092,1953,06,69.4,Y
IDCJAC0001,010092,1953,07,54.9,Y
IDCJAC0001,010092,1953,08,26.9,Y
IDCJAC0001,010092,1953,09,11.9,Y
IDCJAC0001,010092,1953,10,15.0,Y
IDCJAC0001,010092,1953,11,11.5,Y
IDCJAC0001,010092,1953,12,0.0,Y
IDCJAC0001,010092,1954,01,1.0,Y
IDCJAC0001,010092,1954,02,0.3,Y
IDCJAC0001,010092,1954,03,0.0,Y
IDCJAC0001,010092,1954,04,6.6,Y
IDCJAC0001,010092,1954,05,77.5,Y
IDCJAC0001,010092,1954,06,14.5,Y
IDCJAC0001,010092,1954,07,56.9,Y
IDCJAC0001,010092,1954,08,41.0,Y
IDCJAC0001,010092,1954,09,18.1,Y
IDCJAC0001,010092,1954,10,11.2,Y
IDCJAC0001,010092,1954,11,6.6,Y
IDCJAC0001,010092,1954,12,2.3,Y
IDCJAC0001,010092,1955,01,0.3,Y
IDCJAC0001,010092,1955,02,67.3,Y
IDCJAC0001,010092,1955,03,5.9,Y
IDCJAC0001,010092,1955,04,16.2,Y
IDCJAC0001,010092,1955,05,29.8,Y
IDCJAC0001,010092,1955,06,22.7,Y
IDCJAC0001,010092,1955,07,24.0,Y
IDCJAC0001,010092,1955,08,75.8,Y
IDCJAC0001,010092,1955,09,80.8,Y
IDCJAC0001,010092,1955,10,27.3,Y
IDCJAC0001,010092,1955,11,4.6,Y
IDCJAC0001,010092,1955,12,7.1,Y
IDCJAC0001,010092,1956,01,0.0,Y
IDCJAC0001,010092,1956,02,0.0,Y
IDCJAC0001,010092,1956,03,3.6,Y
IDCJAC0001,010092,1956,04,14.5,Y
IDCJAC0001,010092,1956,05,60.6,Y
IDCJAC0001,010092,1956,06,50.4,Y
IDCJAC0001,010092,1956,07,63.2,Y
IDCJAC0001,010092,1956,08,1.1,Y
IDCJAC0001,010092,1956,09,10.1,Y
IDCJAC0001,010092,1956,10,36.6,Y
IDCJAC0001,010092,1956,11,68.8,Y
IDCJAC0001,010092,1956,12,0.3,Y
IDCJAC0001,010092,1957,01,30.8,Y
IDCJAC0001,010092,1957,02,0.8,Y
IDCJAC0001,010092,1957,03,12.0,Y
IDCJAC0001,010092,1957,04,9.9,Y
IDCJAC0001,010092,1957,05,37.2,Y
IDCJAC0001,010092,1957,06,88.9,Y
IDCJAC0001,010092,1957,07,8.7,Y
IDCJAC0001,010092,1957,08,29.3,Y
IDCJAC0001,010092,1957,09,9.4,Y
IDCJAC0001,010092,1957,10,2.8,Y
IDCJAC0001,010092,1957,11,0.0,Y
IDCJAC0001,010092,1957,12,0.0,Y
IDCJAC0001,010092,1958,01,1.6,Y
IDCJAC0001,010092,1958,02,0.0,Y
IDCJAC0001,010092,1958,03,22.9,Y
IDCJAC0001,010092,1958,04,2.6,Y
IDCJAC0001,010092,1958,05,55.9,Y
IDCJAC0001,010092,1958,06,33.2,Y
IDCJAC0001,010092,1958,07,123.0,Y
IDCJAC0001,010092,1958,08,25.2,Y
IDCJAC0001,010092,1958,09,51.3,Y
IDCJAC0001,010092,1958,10,9.8,Y
IDCJAC0001,010092,1958,11,24.1,Y
IDCJAC0001,010092,1958,12,37.4,Y
IDCJAC0001,010092,1959,01,2.1,Y
IDCJAC0001,010092,1959,02,7.8,Y
IDCJAC0001,010092,1959,03,15.2,Y
IDCJAC0001,010092,1959,04,11.0,Y
IDCJAC0001,010092,1959,05,7.4,Y
IDCJAC0001,010092,1959,06,76.2,Y
IDCJAC0001,010092,1959,07,19.5,Y
IDCJAC0001,010092,1959,08,42.7,Y
IDCJAC0001,010092,1959,09,21.3,Y
IDCJAC0001,010092,1959,10,13.6,Y
IDCJAC0001,010092,1959,11,36.5,Y
IDCJAC0001,010092,1959,12,15.0,Y
IDCJAC0001,010092,1960,01,26.7,Y
IDCJAC0001,010092,1960,02,1.8,Y
IDCJAC0001,010092,1960,03,28.7,Y
IDCJAC0001,010092,1960,04,15.0,Y
IDCJAC0001,010092,1960,05,51.7,Y
IDCJAC0001,010092,1960,06,19.2,Y
IDCJAC0001,010092,1960,07,126.6,Y
IDCJAC0001,010092,1960,08,9.4,Y
IDCJAC0001,010092,1960,09,38.6,Y
IDCJAC0001,010092,1960,10,0.8,Y
IDCJAC0001,010092,1960,11,3.6,Y
IDCJAC0001,010092,1960,12,4.1,Y
IDCJAC0001,010092,1961,01,49.0,Y
IDCJAC0001,010092,1961,02,5.6,Y
IDCJAC0001,010092,1961,03,11.0,Y
IDCJAC0001,010092,1961,04,40.5,Y
IDCJAC0001,010092,1961,05,10.2,Y
IDCJAC0001,010092,1961,06,53.3,Y
IDCJAC0001,010092,1961,07,26.0,Y
IDCJAC0001,010092,1961,08,19.0,Y
IDCJAC0001,010092,1961,09,7.6,Y
IDCJAC0001,010092,1961,10,4.0,Y
IDCJAC0001,010092,1961,11,0.0,Y
IDCJAC0001,010092,1961,12,7.1,Y
IDCJAC0001,010092,1962,01,6.8,Y
IDCJAC0001,010092,1962,02,0.3,Y
IDCJAC0001,010092,1962,03,19.0,Y
IDCJAC0001,010092,1962,04,0.0,Y
IDCJAC0001,010092,1962,05,55.1,Y
IDCJAC0001,010092,1962,06,37.4,Y
IDCJAC0001,010092,1962,07,27.5,Y
IDCJAC0001,010092,1962,08,24.0,Y
IDCJAC0001,010092,1962,09,27.8,Y
IDCJAC0001,010092,1962,10,14.0,Y
IDCJAC0001,010092,1962,11,2.1,Y
IDCJAC0001,010092,1962,12,20.3,Y
IDCJAC0001,010092,1963,01,39.2,Y
IDCJAC0001,010092,1963,02,43.2,Y
IDCJAC0001,010092,1963,03,47.4,Y
IDCJAC0001,010092,1963,04,15.3,Y
IDCJAC0001,010092,1963,05,131.6,Y
IDCJAC0001,010092,1963,06,86.2,Y
IDCJAC0001,010092,1963,07,79.5,Y
IDCJAC0001,010092,1963,08,72.2,Y
IDCJAC0001,010092,1963,09,5.9,Y
IDCJAC0001,010092,1963,10,8.1,Y
IDCJAC0001,010092,1963,11,11.7,Y
IDCJAC0001,010092,1963,12,9.1,Y
IDCJAC0001,010092,1964,01,1.5,Y
IDCJAC0001,010092,1964,02,9.9,Y
IDCJAC0001,010092,1964,03,10.2,Y
IDCJAC0001,010092,1964,04,13.7,Y
IDCJAC0001,010092,1964,05,1.8,Y
IDCJAC0001,010092,1964,06,74.6,Y
IDCJAC0001,010092,1964,07,76.2,Y
IDCJAC0001,010092,1964,08,44.6,Y
IDCJAC0001,010092,1964,09,21.6,Y
IDCJAC0001,010092,1964,10,15.5,Y
IDCJAC0001,010092,1964,11,7.8,Y
IDCJAC0001,010092,1964,12,7.1,Y
IDCJAC0001,010092,1965,01,2.1,Y
IDCJAC0001,010092,1965,02,0.8,Y
IDCJAC0001,010092,1965,03,3.0,Y
IDCJAC0001,010092,1965,04,6.4,Y
IDCJAC0001,010092,1965,05,78.2,Y
IDCJAC0001,010092,1965,06,111.3,Y
IDCJAC0001,010092,1965,07,56.0,Y
IDCJAC0001,010092,1965,08,39.5,Y
IDCJAC0001,010092,1965,09,14.5,Y
IDCJAC0001,010092,1965,10,30.2,Y
IDCJAC0001,010092,1965,11,52.6,Y
IDCJAC0001,010092,1965,12,2.1,Y
IDCJAC0001,010092,1966,01,76.9,Y
IDCJAC0001,010092,1966,02,40.4,Y
IDCJAC0001,010092,1966,03,0.5,Y
IDCJAC0001,010092,1966,04,63.3,Y
IDCJAC0001,010092,1966,05,5.9,Y
IDCJAC0001,010092,1966,06,76.9,Y
IDCJAC0001,010092,1966,07,61.1,Y
IDCJAC0001,010092,1966,08,21.6,Y
IDCJAC0001,010092,1966,09,30.1,Y
IDCJAC0001,010092,1966,10,35.2,Y
IDCJAC0001,010092,1966,11,2.0,Y
IDCJAC0001,010092,1966,12,1.1,Y
IDCJAC0001,010092,1967,01,24.9,Y
IDCJAC0001,010092,1967,02,0.8,Y
IDCJAC0001,010092,1967,03,1.3,Y
IDCJAC0001,010092,1967,04,19.0,Y
IDCJAC0001,010092,1967,05,63.0,Y
IDCJAC0001,010092,1967,06,41.9,Y
IDCJAC0001,010092,1967,07,51.7,Y
IDCJAC0001,010092,1967,08,23.9,Y
IDCJAC0001,010092,1967,09,4.6,Y
IDCJAC0001,010092,1967,10,26.2,Y
IDCJAC0001,010092,1967,11,0.0,Y
IDCJAC0001,010092,1967,12,1.3,Y
IDCJAC0001,010092,1968,01,67.6,Y
IDCJAC0001,010092,1968,02,4.9,Y
IDCJAC0001,010092,1968,03,31.2,Y
IDCJAC0001,010092,1968,04,20.9,Y
IDCJAC0001,010092,1968,05,26.6,Y
IDCJAC0001,010092,1968,06,134.7,Y
IDCJAC0001,010092,1968,07,33.0,Y
IDCJAC0001,010092,1968,08,17.6,Y
IDCJAC0001,010092,1968,09,25.5,Y
IDCJAC0001,010092,1968,10,6.1,Y
IDCJAC0001,010092,1968,11,1.5,Y
IDCJAC0001,010092,1968,12,0.8,Y
IDCJAC0001,010092,1969,01,3.6,Y
IDCJAC0001,010092,1969,02,2.0,Y
IDCJAC0001,010092,1969,03,13.7,Y
IDCJAC0001,010092,1969,04,18.0,Y
IDCJAC0001,010092,1969,05,24.1,Y
IDCJAC0001,010092,1969,06,46.0,Y
IDCJAC0001,010092,1969,07,21.6,Y
IDCJAC0001,010092,1969,08,11.5,Y
IDCJAC0001,010092,1969,09,25.1,Y
IDCJAC0001,010092,1969,10,0.0,Y
IDCJAC0001,010092,1969,11,10.2,Y
IDCJAC0001,010092,1969,12,1.3,Y
IDCJAC0001,010092,1970,01,0.0,Y
IDCJAC0001,010092,1970,02,73.7,Y
IDCJAC0001,010092,1970,03,5.5,Y
IDCJAC0001,010092,1970,04,24.3,Y
IDCJAC0001,010092,1970,05,28.3,Y
IDCJAC0001,010092,1970,06,62.3,Y
IDCJAC0001,010092,1970,07,31.5,Y
IDCJAC0001,010092,1970,08,17.7,Y
IDCJAC0001,010092,1970,09,77.5,Y
IDCJAC0001,010092,1970,10,18.8,N
IDCJAC0001,010092,1970,11,6.8,Y
IDCJAC0001,010092,1970,12,3.8,Y
IDCJAC0001,010092,1971,01,4.4,Y
IDCJAC0001,010092,1971,02,10.4,Y
IDCJAC0001,010092,1971,03,143.7,Y
IDCJAC0001,010092,1971,04,9.7,Y
IDCJAC0001,010092,1971,05,22.5,Y
IDCJAC0001,010092,1971,06,28.0,Y
IDCJAC0001,010092,1971,07,37.2,Y
IDCJAC0001,010092,1971,08,36.0,Y
IDCJAC0001,010092,1971,09,37.7,Y
IDCJAC0001,010092,1971,10,21.0,Y
IDCJAC0001,010092,1971,11,32.0,Y
IDCJAC0001,010092,1971,12,1.8,Y
IDCJAC0001,010092,1972,01,1.3,Y
IDCJAC0001,010092,1972,02,0.0,Y
IDCJAC0001,010092,1972,03,18.6,Y
IDCJAC0001,010092,1972,04,10.2,Y
IDCJAC0001,010092,1972,05,25.1,Y
IDCJAC0001,010092,1972,06,94.7,Y
IDCJAC0001,010092,1972,07,62.4,Y
IDCJAC0001,010092,1972,08,38.5,Y
IDCJAC0001,010092,1972,09,19.5,Y
IDCJAC0001,010092,1972,10,6.3,Y
IDCJAC0001,010092,1972,11,9.2,Y
IDCJAC0001,010092,1972,12,0.8,Y
IDCJAC0001,010092,1973,01,6.9,Y
IDCJAC0001,010092,1973,02,3.0,Y
IDCJAC0001,010092,1973,03,0.0,Y
IDCJAC0001,010092,1973,04,26.2,Y
IDCJAC0001,010092,1973,05,30.1,Y
IDCJAC0001,010092,1973,06,65.2,Y
IDCJAC0001,010092,1973,07,97.3,Y
IDCJAC0001,010092,1973,08,57.5,Y
IDCJAC0001,010092,1973,09,47.9,Y
IDCJAC0001,010092,1973,10,22.7,Y
IDCJAC0001,010092,1973,11,20.1,Y
IDCJAC0001,010092,1973,12,1.3,Y
IDCJAC0001,010092,1974,01,0.0,Y
IDCJAC0001,010092,1974,02,2.0,Y
IDCJAC0001,010092,1974,03,39.4,Y
IDCJAC0001,010092,1974,04,85.9,Y
IDCJAC0001,010092,1974,05,116.7,Y
IDCJAC0001,010092,1974,06,34.8,Y
IDCJAC0001,010092,1974,07,45.8,Y
IDCJAC0001,010092,1974,08,58.5,Y
IDCJAC0001,010092,1974,09,33.4,Y
IDCJAC0001,010092,1974,10,24.2,Y
IDCJAC0001,010092,1974,11,15.8,Y
IDCJAC0001,010092,1974,12,24.2,Y
IDCJAC0001,010092,1975,01,0.0,Y
IDCJAC0001,010092,1975,02,2.6,Y
IDCJAC0001,010092,1975,03,10.3,Y
IDCJAC0001,010092,1975,04,52.0,Y
IDCJAC0001,010092,1975,05,22.5,Y
IDCJAC0001,010092,1975,06,43.2,Y
IDCJAC0001,010092,1975,08,33.0,Y
IDCJAC0001,010092,1975,09,23.6,Y
IDCJAC0001,010092,1975,10,45.4,Y
IDCJAC0001,010092,1975,11,12.8,Y
IDCJAC0001,010092,1975,12,41.0,Y
IDCJAC0001,010092,1976,01,7.4,Y
IDCJAC0001,010092,1976,02,23.2,Y
IDCJAC0001,010092,1976,03,4.0,Y
IDCJAC0001,010092,1976,04,33.2,Y
IDCJAC0001,010092,1976,05,27.6,Y
IDCJAC0001,010092,1976,06,22.8,Y
IDCJAC0001,010092,1976,07,12.6,Y
IDCJAC0001,010092,1976,08,58.8,Y
IDCJAC0001,010092,1976,09,44.2,Y
IDCJAC0001,010092,1976,10,28.5,Y
IDCJAC0001,010092,1976,11,32.4,Y
IDCJAC0001,010092,1976,12,0.0,Y
IDCJAC0001,010092,1977,01,1.1,Y
IDCJAC0001,010092,1977,02,9.8,Y
IDCJAC0001,010092,1977,03,3.8,Y
IDCJAC0001,010092,1977,04,15.4,Y
IDCJAC0001,010092,1977,05,26.8,Y
IDCJAC0001,010092,1977,06,32.1,Y
IDCJAC0001,010092,1977,07,11.5,Y
IDCJAC0001,010092,1977,08,51.8,Y
IDCJAC0001,010092,1977,09,14.9,Y
IDCJAC0001,010092,1977,10,31.3,Y
IDCJAC0001,010092,1977,11,7.4,Y
IDCJAC0001,010092,1977,12,10.6,Y
IDCJAC0001,010092,1978,01,40.9,Y
IDCJAC0001,010092,1978,02,113.4,Y
IDCJAC0001,010092,1978,03,0.0,Y
IDCJAC0001,010092,1978,04,35.6,Y
IDCJAC0001,010092,1978,05,20.5,Y
IDCJAC0001,010092,1978,06,33.5,Y
IDCJAC0001,010092,1978,07,77.7,Y
IDCJAC0001,010092,1978,08,18.7,Y
IDCJAC0001,010092,1978,09,33.9,Y
IDCJAC0001,010092,1978,10,18.0,Y
IDCJAC0001,010092,1978,11,17.6,Y
IDCJAC0001,010092,1978,12,50.4,Y
IDCJAC0001,010092,1979,01,9.9,Y
IDCJAC0001,010092,1979,02,56.9,Y
IDCJAC0001,010092,1979,03,12.9,Y
IDCJAC0001,010092,1979,04,17.9,Y
IDCJAC0001,010092,1979,05,42.5,Y
IDCJAC0001,010092,1979,06,46.2,Y
IDCJAC0001,010092,1979,07,21.7,Y
IDCJAC0001,010092,1979,08,65.4,Y
IDCJAC0001,010092,1979,09,8.9,Y
IDCJAC0001,010092,1979,10,3.8,Y
IDCJAC0001,010092,1979,11,17.7,Y
IDCJAC0001,010092,1979,12,1.2,Y
IDCJAC0001,010092,1980,01,6.8,Y
IDCJAC0001,010092,1980,02,16.1,Y
IDCJAC0001,010092,1980,03,0.0,Y
IDCJAC0001,010092,1980,04,22.4,Y
IDCJAC0001,010092,1980,05,33.5,Y
IDCJAC0001,010092,1980,06,38.8,Y
IDCJAC0001,010092,1980,07,27.7,Y
IDCJAC0001,010092,1980,08,26.2,Y
IDCJAC0001,010092,1980,09,5.4,Y
IDCJAC0001,010092,1980,10,22.6,Y
IDCJAC0001,010092,1980,11,8.8,Y
IDCJAC0001,010092,1980,12,3.8,Y
IDCJAC0001,010092,1981,01,4.0,Y
IDCJAC0001,010092,1981,02,29.0,Y
IDCJAC0001,010092,1981,03,14.6,Y
IDCJAC0001,010092,1981,04,15.5,Y
IDCJAC0001,010092,1981,05,85.4,Y
IDCJAC0001,010092,1981,06,53.2,Y
IDCJAC0001,010092,1981,07,44.7,Y
IDCJAC0001,010092,1981,08,48.3,Y
IDCJAC0001,010092,1981,09,8.7,Y
IDCJAC0001,010092,1981,10,10.7,Y
IDCJAC0001,010092,1981,11,26.6,Y
IDCJAC0001,010092,1981,12,29.8,Y
IDCJAC0001,010092,1982,01,22.2,Y
IDCJAC0001,010092,1982,02,0.6,Y
IDCJAC0001,010092,1982,03,15.8,Y
IDCJAC0001,010092,1982,04,1.4,Y
IDCJAC0001,010092,1982,05,20.6,Y
IDCJAC0001,010092,1982,06,52.9,Y
IDCJAC0001,010092,1982,07,17.8,Y
IDCJAC0001,010092,1982,08,49.6,Y
IDCJAC0001,010092,1982,09,29.8,Y
IDCJAC0001,010092,1982,10,14.5,Y
IDCJAC0001,010092,1982,11,12.8,Y
IDCJAC0001,010092,1982,12,10.8,Y
IDCJAC0001,010092,1983,01,4.6,Y
IDCJAC0001,010092,1983,02,4.2,Y
IDCJAC0001,010092,1983,03,5.4,Y
IDCJAC0001,010092,1983,04,2.2,Y
IDCJAC0001,010092,1983,05,10.0,Y
IDCJAC0001,010092,1983,06,55.6,Y
IDCJAC0001,010092,1983,07,54.0,Y
IDCJAC0001,010092,1983,08,33.1,Y
IDCJAC0001,010092,1983,09,36.4,Y
IDCJAC0001,010092,1983,10,3.4,Y
IDCJAC0001,010092,1983,11,71.8,Y
IDCJAC0001,010092,1983,12,33.0,Y
IDCJAC0001,010092,1984,01,12.8,Y
IDCJAC0001,010092,1984,02,11.8,Y
IDCJAC0001,010092,1984,03,28.9,Y
IDCJAC0001,010092,1984,04,55.6,Y
IDCJAC0001,010092,1984,05,109.4,Y
IDCJAC0001,010092,1984,06,19.2,Y
IDCJAC0001,010092,1984,07,33.4,Y
IDCJAC0001,010092,1984,08,29.2,Y
IDCJAC0001,010092,1984,09,21.0,Y
IDCJAC0001,010092,1984,10,2.0,Y
IDCJAC0001,010092,1984,11,14.0,Y
IDCJAC0001,010092,1984,12,2.4,Y
IDCJAC0001,010092,1985,01,0.0,Y
IDCJAC0001,010092,1985,02,26.6,Y
IDCJAC0001,010092,1985,03,21.0,Y
IDCJAC0001,010092,1985,04,5.8,Y
IDCJAC0001,010092,1985,05,13.6,Y
IDCJAC0001,010092,1985,06,17.4,Y
IDCJAC0001,010092,1985,07,53.8,Y
IDCJAC0001,010092,1985,08,30.9,Y
IDCJAC0001,010092,1985,09,31.0,Y
IDCJAC0001,010092,1985,10,7.6,Y
IDCJAC0001,010092,1985,11,38.4,Y
IDCJAC0001,010092,1985,12,4.0,Y
IDCJAC0001,010092,1986,01,7.2,Y
IDCJAC0001,010092,1986,02,26.4,Y
IDCJAC0001,010092,1986,03,11.0,Y
IDCJAC0001,010092,1986,04,8.2,Y
IDCJAC0001,010092,1986,05,54.4,Y
IDCJAC0001,010092,1986,06,72.8,Y
IDCJAC0001,010092,1986,07,38.4,Y
IDCJAC0001,010092,1986,08,34.8,Y
IDCJAC0001,010092,1986,09,25.4,Y
IDCJAC0001,010092,1986,10,8.8,Y
IDCJAC0001,010092,1986,11,16.2,Y
IDCJAC0001,010092,1986,12,6.6,Y
IDCJAC0001,010092,1987,01,0.2,Y
IDCJAC0001,010092,1987,02,0.0,Y
IDCJAC0001,010092,1987,03,3.8,Y
IDCJAC0001,010092,1987,04,14.2,Y
IDCJAC0001,010092,1987,05,52.2,Y
IDCJAC0001,010092,1987,06,35.6,Y
IDCJAC0001,010092,1987,07,41.2,Y
IDCJAC0001,010092,1987,08,39.8,Y
IDCJAC0001,010092,1987,09,17.0,Y
IDCJAC0001,010092,1987,10,10.8,Y
IDCJAC0001,010092,1987,11,19.8,Y
IDCJAC0001,010092,1987,12,54.0,Y
IDCJAC0001,010092,1988,01,0.0,Y
IDCJAC0001,010092,1988,02,0.4,Y
IDCJAC0001,010092,1988,03,7.2,Y
IDCJAC0001,010092,1988,04,38.6,Y
IDCJAC0001,010092,1988,05,73.4,Y
IDCJAC0001,010092,1988,06,61.4,Y
IDCJAC0001,010092,1988,07,47.8,Y
IDCJAC0001,010092,1988,08,54.2,Y
IDCJAC0001,010092,1988,09,15.0,Y
IDCJAC0001,010092,1988,10,10.6,Y
IDCJAC0001,010092,1988,11,6.8,Y
IDCJAC0001,010092,1988,12,37.6,Y
IDCJAC0001,010092,1989,01,29.6,Y
IDCJAC0001,010092,1989,02,19.2,Y
IDCJAC0001,010092,1989,03,1.4,Y
IDCJAC0001,010092,1989,04,31.2,Y
IDCJAC0001,010092,1989,05,67.0,Y
IDCJAC0001,010092,1989,06,68.8,Y
IDCJAC0001,010092,1989,07,38.8,Y
IDCJAC0001,010092,1989,08,13.0,Y
IDCJAC0001,010092,1989,09,9.0,Y
IDCJAC0001,010092,1989,10,8.6,Y
IDCJAC0001,010092,1989,11,0.0,Y
IDCJAC0001,010092,1989,12,0.0,Y
IDCJAC0001,010092,1990,01,72.6,Y
IDCJAC0001,010092,1990,02,17.8,Y
IDCJAC0001,010092,1990,03,43.5,Y
IDCJAC0001,010092,1990,04,37.8,Y
IDCJAC0001,010092,1990,05,7.4,Y
IDCJAC0001,010092,1990,06,35.6,Y
IDCJAC0001,010092,1990,07,56.2,Y
IDCJAC0001,010092,1990,08,22.8,Y
IDCJAC0001,010092,1990,09,28.4,Y
IDCJAC0001,010092,1990,10,30.8,Y
IDCJAC0001,010092,1990,11,0.0,Y
IDCJAC0001,010092,1990,12,1.2,Y
IDCJAC0001,010092,1991,01,24.8,Y
IDCJAC0001,010092,1991,02,0.0,Y
IDCJAC0001,010092,1991,03,1.6,Y
IDCJAC0001,010092,1991,04,12.6,Y
IDCJAC0001,010092,1991,05,28.6,Y
IDCJAC0001,010092,1991,06,51.6,Y
IDCJAC0001,010092,1991,07,45.4,Y
IDCJAC0001,010092,1991,08,21.2,Y
IDCJAC0001,010092,1991,09,30.0,Y
IDCJAC0001,010092,1991,10,13.4,Y
IDCJAC0001,010092,1991,11,18.2,Y
IDCJAC0001,010092,1991,12,62.6,Y
IDCJAC0001,010092,1992,01,0.8,Y
IDCJAC0001,010092,1992,02,72.6,Y
IDCJAC0001,010092,1992,03,76.8,Y
IDCJAC0001,010092,1992,04,16.4,Y
IDCJAC0001,010092,1992,05,7.2,Y
IDCJAC0001,010092,1992,06,74.4,Y
IDCJAC0001,010092,1992,07,42.4,Y
IDCJAC0001,010092,1992,08,99.0,Y
IDCJAC0001,010092,1992,09,43.0,Y
IDCJAC0001,010092,1992,10,8.8,Y
IDCJAC0001,010092,1992,11,11.4,Y
IDCJAC0001,010092,1992,12,10.2,Y
IDCJAC0001,010092,1993,01,0.6,Y
IDCJAC0001,010092,1993,02,2.0,Y
IDCJAC0001,010092,1993,03,4.4,Y
IDCJAC0001,010092,1993,04,12.0,Y
IDCJAC0001,010092,1993,05,90.8,Y
IDCJAC0001,010092,1993,06,59.2,Y
IDCJAC0001,010092,1993,07,28.6,Y
IDCJAC0001,010092,1993,08,57.2,Y
IDCJAC0001,010092,1993,09,13.6,Y
IDCJAC0001,010092,1993,10,5.8,Y
IDCJAC0001,010092,1993,11,52.4,Y
IDCJAC0001,010092,1993,12,0.0,Y
IDCJAC0001,010092,1994,01,0.0,Y
IDCJAC0001,010092,1994,02,20.6,Y
IDCJAC0001,010092,1994,03,1.0,Y
IDCJAC0001,010092,1994,04,0.0,Y
IDCJAC0001,010092,1994,05,38.4,Y
IDCJAC0001,010092,1994,06,33.6,Y
IDCJAC0001,010092,1994,07,26.8,N
IDCJAC0001,010092,1994,08,49.8,Y
IDCJAC0001,010092,1994,09,11.4,Y
IDCJAC0001,010092,1994,10,4.2,Y
IDCJAC0001,010092,1994,11,0.0,Y
IDCJAC0001,010092,1994,12,6.8,Y
IDCJAC0001,010092,1995,01,9.6,Y
IDCJAC0001,010092,1995,02,40.2,Y
IDCJAC0001,010092,1995,03,43.6,Y
IDCJAC0001,010092,1995,04,5.8,Y
IDCJAC0001,010092,1995,05,46.0,Y
IDCJAC0001,010092,1995,06,49.0,Y
IDCJAC0001,010092,1995,07,90.0,Y
IDCJAC0001,010092,1995,08,18.0,Y
IDCJAC0001,010092,1995,09,25.8,Y
IDCJAC0001,010092,1995,10,27.8,Y
IDCJAC0001,010092,1995,11,0.0,Y
IDCJAC0001,010092,1995,12,49.4,Y
IDCJAC0001,010092,1996,01,0.0,Y
IDCJAC0001,010092,1996,02,1.0,Y
IDCJAC0001,010092,1996,03,1.2,Y
IDCJAC0001,010092,1996,04,32.0,Y
IDCJAC0001,010092,1996,05,15.8,Y
IDCJAC0001,010092,1996,06,51.0,Y
IDCJAC0001,010092,1996,07,73.4,Y
IDCJAC0001,010092,1996,08,47.2,Y
IDCJAC0001,010092,1996,09,56.4,Y
IDCJAC0001,010092,1996,10,4.6,Y
IDCJAC0001,010092,1996,11,37.0,Y
IDCJAC0001,010092,1996,12,1.6,Y
IDCJAC0001,010092,1997,01,0.0,Y
IDCJAC0001,010092,1997,02,56.7,Y
IDCJAC0001,010092,1997,03,21.4,Y
IDCJAC0001,010092,1997,04,40.2,Y
IDCJAC0001,010092,1997,05,37.6,Y
IDCJAC0001,010092,1997,06,25.6,Y
IDCJAC0001,010092,1997,07,51.2,Y
IDCJAC0001,010092,1997,08,54.4,Y
IDCJAC0001,010092,1997,09,31.8,Y
IDCJAC0001,010092,1997,10,7.6,Y
IDCJAC0001,010092,1997,11,8.8,Y
IDCJAC0001,010092,1997,12,2.0,Y
IDCJAC0001,010092,1998,01,0.0,Y
IDCJAC0001,010092,1998,02,0.0,Y
IDCJAC0001,010092,1998,03,8.2,Y
IDCJAC0001,010092,1998,04,59.8,Y
IDCJAC0001,010092,1998,05,32.4,Y
IDCJAC0001,010092,1998,06,79.4,Y
IDCJAC0001,010092,1998,07,54.0,Y
IDCJAC0001,010092,1998,08,33.4,Y
IDCJAC0001,010092,1998,09,17.8,Y
IDCJAC0001,010092,1998,10,16.6,Y
IDCJAC0001,010092,1998,11,1.4,Y
IDCJAC0001,010092,1998,12,7.4,Y
IDCJAC0001,010092,1999,01,15.4,Y
IDCJAC0001,010092,1999,02,26.6,Y
IDCJAC0001,010092,1999,03,79.2,Y
IDCJAC0001,010092,1999,04,33.6,Y
IDCJAC0001,010092,1999,05,110.0,Y
IDCJAC0001,010092,1999,06,30.6,Y
IDCJAC0001,010092,1999,07,56.0,Y
IDCJAC0001,010092,1999,08,36.6,Y
IDCJAC0001,010092,1999,09,32.4,Y
IDCJAC0001,010092,1999,10,38.2,Y
IDCJAC0001,010092,1999,11,16.6,Y
IDCJAC0001,010092,1999,12,27.6,Y
IDCJAC0001,010092,2000,01,77.8,Y
IDCJAC0001,010092,2000,02,3.0,Y
IDCJAC0001,010092,2000,03,54.2,Y
IDCJAC0001,010092,2000,04,31.2,Y
IDCJAC0001,010092,2000,05,8.4,Y
IDCJAC0001,010092,2000,06,20.2,Y
IDCJAC0001,010092,2000,07,49.6,Y
IDCJAC0001,010092,2000,08,36.6,Y
IDCJAC0001,010092,2000,09,9.0,Y
IDCJAC0001,010092,2000,10,0.4,Y
IDCJAC0001,010092,2000,11,4.6,Y
IDCJAC0001,010092,2000,12,4.6,Y
IDCJAC0001,010092,2001,01,134.6,Y
IDCJAC0001,010092,2001,02,37.4,Y
IDCJAC0001,010092,2001,03,0.0,Y
IDCJAC0001,010092,2001,04,3.8,Y
IDCJAC0001,010092,2001,05,39.0,Y
IDCJAC0001,010092,2001,06,12.2,Y
IDCJAC0001,010092,2001,07,60.8,Y
IDCJAC0001,010092,2001,08,32.8,Y
IDCJAC0001,010092,2001,09,27.0,Y
IDCJAC0001,010092,2001,10,12.0,Y
IDCJAC0001,010092,2001,11,21.6,Y
IDCJAC0001,010092,2001,12,13.2,Y
IDCJAC0001,010092,2002,01,18.6,Y
IDCJAC0001,010092,2002,02,0.6,Y
IDCJAC0001,010092,2002,03,0.0,Y
IDCJAC0001,010092,2002,04,61.6,Y
IDCJAC0001,010092,2002,05,8.0,Y
IDCJAC0001,010092,2002,06,22.4,Y
IDCJAC0001,010092,2002,07,24.0,Y
IDCJAC0001,010092,2002,08,30.6,Y
IDCJAC0001,010092,2002,09,15.0,Y
IDCJAC0001,010092,2002,10,8.2,Y
IDCJAC0001,010092,2002,11,13.6,Y
IDCJAC0001,010092,2002,12,56.4,Y
IDCJAC0001,010092,2003,01,0.0,Y
IDCJAC0001,010092,2003,02,42.4,Y
IDCJAC0001,010092,2003,03,17.6,Y
IDCJAC0001,010092,2003,04,28.0,Y
IDCJAC0001,010092,2003,05,73.4,Y
IDCJAC0001,010092,2003,06,33.0,Y
IDCJAC0001,010092,2003,07,47.0,Y
IDCJAC0001,010092,2003,08,63.8,Y
IDCJAC0001,010092,2003,09,27.7,Y
IDCJAC0001,010092,2003,10,10.8,Y
IDCJAC0001,010092,2003,11,17.8,Y
IDCJAC0001,010092,2003,12,16.4,Y
IDCJAC0001,010092,2004,01,14.8,Y
IDCJAC0001,010092,2004,02,21.4,Y
IDCJAC0001,010092,2004,03,9.6,Y
IDCJAC0001,010092,2004,04,37.5,Y
IDCJAC0001,010092,2004,05,43.4,Y
IDCJAC0001,010092,2004,06,72.1,Y
IDCJAC0001,010092,2004,07,49.4,Y
IDCJAC0001,010092,2004,08,35.4,Y
IDCJAC0001,010092,2004,09,10.0,Y
IDCJAC0001,010092,2004,10,15.8,Y
IDCJAC0001,010092,2004,11,7.0,Y
IDCJAC0001,010092,2004,12,4.0,Y
IDCJAC0001,010092,2005,01,0.0,Y
IDCJAC0001,010092,2005,02,1.6,Y
IDCJAC0001,010092,2005,03,29.8,Y
IDCJAC0001,010092,2005,04,25.0,Y
IDCJAC0001,010092,2005,05,62.2,Y
IDCJAC0001,010092,2005,06,70.4,Y
IDCJAC0001,010092,2005,07,11.6,Y
IDCJAC0001,010092,2005,08,53.2,Y
IDCJAC0001,010092,2005,09,30.4,Y
IDCJAC0001,010092,2005,10,13.8,Y
IDCJAC0001,010092,2005,11,8.4,Y
IDCJAC0001,010092,2005,12,1.0,Y
IDCJAC0001,010092,2006,01,109.8,Y
IDCJAC0001,010092,2006,02,12.6,Y
IDCJAC0001,010092,2006,03,33.6,Y
IDCJAC0001,010092,2006,04,40.8,Y
IDCJAC0001,010092,2006,05,51.2,Y
IDCJAC0001,010092,2006,06,7.6,Y
IDCJAC0001,010092,2006,07,30.0,Y
IDCJAC0001,010092,2006,08,25.4,Y
IDCJAC0001,010092,2006,09,59.4,Y
IDCJAC0001,010092,2006,10,10.6,Y
IDCJAC0001,010092,2006,11,15.0,Y
IDCJAC0001,010092,2006,12,7.2,Y
IDCJAC0001,010092,2007,01,17.6,Y
IDCJAC0001,010092,2007,02,1.8,Y
IDCJAC0001,010092,2007,03,0.0,Y
IDCJAC0001,010092,2007,04,10.0,Y
IDCJAC0001,010092,2007,05,23.4,Y
IDCJAC0001,010092,2007,06,22.2,Y
IDCJAC0001,010092,2007,07,47.6,Y
IDCJAC0001,010092,2007,08,18.8,Y
IDCJAC0001,010092,2007,09,16.8,Y
IDCJAC0001,010092,2007,10,28.8,Y
IDCJAC0001,010092,2007,11,0.0,Y
IDCJAC0001,010092,2007,12,39.2,Y
IDCJAC0001,010092,2008,01,1.8,Y
IDCJAC0001,010092,2008,02,31.4,Y
IDCJAC0001,010092,2008,03,1.6,Y
IDCJAC0001,010092,2008,04,27.4,Y
IDCJAC0001,010092,2008,05,13.4,Y
IDCJAC0001,010092,2008,06,24.3,Y
IDCJAC0001,010092,2008,07,73.3,Y
IDCJAC0001,010092,2008,08,19.4,Y
IDCJAC0001,010092,2008,09,58.8,Y
IDCJAC0001,010092,2008,10,49.8,Y
IDCJAC0001,010092,2008,11,14.0,Y
IDCJAC0001,010092,2008,12,1.4,Y
IDCJAC0001,010092,2009,01,6.4,Y
IDCJAC0001,010092,2009,02,8.6,Y
IDCJAC0001,010092,2009,03,14.0,Y
IDCJAC0001,010092,2009,04,8.6,Y
IDCJAC0001,010092,2009,05,9.8,Y
IDCJAC0001,010092,2009,06,39.2,Y
IDCJAC0001,010092,2009,07,62.2,Y
IDCJAC0001,010092,2009,08,42.2,Y
IDCJAC0001,010092,2009,09,22.0,Y
IDCJAC0001,010092,2009,10,8.7,Y
IDCJAC0001,010092,2009,11,43.4,Y
IDCJAC0001,010092,2009,12,8.1,Y
IDCJAC0001,010092,2010,01,4.8,Y
IDCJAC0001,010092,2010,02,0.0,Y
IDCJAC0001,010092,2010,03,8.0,Y
IDCJAC0001,010092,2010,04,0.0,Y
IDCJAC0001,010092,2010,05,45.6,Y
IDCJAC0001,010092,2010,06,21.0,Y
IDCJAC0001,010092,2010,07,51.0,Y
IDCJAC0001,010092,2010,08,17.0,Y
IDCJAC0001,010092,2010,09,9.2,Y
IDCJAC0001,010092,2010,10,4.6,Y
IDCJAC0001,010092,2010,11,4.8,Y
IDCJAC0001,010092,2010,12,13.2,Y
IDCJAC0001,010092,2011,01,70.2,Y
IDCJAC0001,010092,2011,02,30.4,Y
IDCJAC0001,010092,2011,03,0.0,Y
IDCJAC0001,010092,2011,04,5.8,Y
IDCJAC0001,010092,2011,05,36.4,Y
IDCJAC0001,010092,2011,06,30.0,Y
IDCJAC0001,010092,2011,07,45.2,Y
IDCJAC0001,010092,2011,08,43.2,Y
IDCJAC0001,010092,2011,09,32.6,Y
IDCJAC0001,010092,2011,10,55.8,Y
IDCJAC0001,010092,2011,11,13.4,Y
IDCJAC0001,010092,2011,12,53.6,Y
IDCJAC0001,010092,2012,01,18.6,Y
IDCJAC0001,010092,2012,02,14.8,Y
IDCJAC0001,010092,2012,03,6.2,Y
IDCJAC0001,010092,2012,04,7.6,Y
IDCJAC0001,010092,2012,05,10.6,Y
IDCJAC0001,010092,2012,06,52.0,Y
IDCJAC0001,010092,2012,07,16.0,Y
IDCJAC0001,010092,2012,08,25.8,Y
IDCJAC0001,010092,2012,09,34.9,Y
IDCJAC0001,010092,2012,10,6.8,Y
IDCJAC0001,010092,2012,11,87.4,Y
IDCJAC0001,010092,2012,12,35.0,Y
IDCJAC0001,010092,2013,01,57.8,Y
IDCJAC0001,010092,2013,02,2.2,Y
IDCJAC0001,010092,2013,03,55.2,Y
IDCJAC0001,010092,2013,04,11.0,Y
IDCJAC0001,010092,2013,05,32.8,Y
IDCJAC0001,010092,2013,06,6.6,Y
IDCJAC0001,010092,2013,07,36.0,Y
IDCJAC0001,010092,2013,08,40.4,Y
IDCJAC0001,010092,2013,09,42.8,Y
IDCJAC0001,010092,2013,10,15.8,N
IDCJAC0001,010092,2013,11,6.2,Y
IDCJAC0001,010092,2013,12,2.0,Y
IDCJAC0001,010092,2014,01,8.2,Y
IDCJAC0001,010092,2014,02,13.4,Y
IDCJAC0001,010092,2014,03,4.2,Y
IDCJAC0001,010092,2014,04,27.0,Y
IDCJAC0001,010092,2014,05,53.2,Y
IDCJAC0001,010092,2014,06,16.0,Y
IDCJAC0001,010092,2014,07,47.2,Y
IDCJAC0001,010092,2014,08,12.6,Y
IDCJAC0001,010092,2014,09,25.4,Y
IDCJAC0001,010092,2014,10,54.6,Y
IDCJAC0001,010092,2014,11,24.2,Y
IDCJAC0001,010092,2014,12,5.2,Y
IDCJAC0001,010092,2015,01,4.4,Y
IDCJAC0001,010092,2015,02,4.6,N
IDCJAC0001,010092,2015,03,85.0,Y
IDCJAC0001,010092,2015,04,15.8,Y
IDCJAC0001,010092,2015,05,15.4,Y
IDCJAC0001,010092,2015,06,42.4,Y
IDCJAC0001,010092,2015,07,62.6,Y
IDCJAC0001,010092,2015,08,80.4,Y
IDCJAC0001,010092,2015,09,7.2,Y
IDCJAC0001,010092,2015,10,6.2,Y
IDCJAC0001,010092,2015,11,30.6,Y
IDCJAC0001,010092,2015,12,6.4,Y
IDCJAC0001,010092,2016,01,41.0,Y
IDCJAC0001,010092,2016,02,12.0,Y
IDCJAC0001,010092,2016,03,76.4,Y
IDCJAC0001,010092,2016,04,55.4,Y
IDCJAC0001,010092,2016,05,41.8,Y
IDCJAC0001,010092,2016,06,43.4,Y
IDCJAC0001,010092,2016,07,38.8,Y
IDCJAC0001,010092,2016,08,41.8,Y
IDCJAC0001,010092,2016,09,21.4,Y
IDCJAC0001,010092,2016,10,10.6,Y
IDCJAC0001,010092,2016,11,2.0,Y
IDCJAC0001,010092,2016,12,22.4,Y
IDCJAC0001,010092,2017,01,32.0,Y
IDCJAC0001,010092,2017,02,53.4,Y
IDCJAC0001,010092,2017,03,21.0,Y
IDCJAC0001,010092,2017,04,4.8,Y
IDCJAC0001,010092,2017,05,27.6,Y
IDCJAC0001,010092,2017,06,5.0,Y
IDCJAC0001,010092,2017,07,35.9,N
IDCJAC0001,010092,2017,08,47.6,Y
IDCJAC0001,010092,2017,09,48.2,Y
IDCJAC0001,010092,2017,10,25.6,Y
IDCJAC0001,010092,2017,11,10.8,Y
IDCJAC0001,010092,2017,12,5.8,Y
IDCJAC0001,010092,2018,01,22.6,Y
IDCJAC0001,010092,2018,02,11.2,Y
IDCJAC0001,010092,2018,03,9.0,Y
IDCJAC0001,010092,2018,04,1.2,Y
IDCJAC0001,010092,2018,05,11.0,Y
IDCJAC0001,010092,2018,06,39.2,Y
IDCJAC0001,010092,2018,07,51.8,Y
IDCJAC0001,010092,2018,08,61.6,Y
IDCJAC0001,010092,2018,09,8.5,Y
IDCJAC0001,010092,2018,10,44.4,Y
IDCJAC0001,010092,2018,11,17.8,Y
IDCJAC0001,010092,2018,12,24.2,Y
IDCJAC0001,010092,2019,01,0.6,Y
IDCJAC0001,010092,2019,02,2.8,Y
IDCJAC0001,010092,2019,03,6.4,Y
IDCJAC0001,010092,2019,04,22.8,Y
IDCJAC0001,010092,2019,05,5.8,Y
IDCJAC0001,010092,2019,06,68.4,Y
IDCJAC0001,010092,2019,07,37.0,Y
IDCJAC0001,010092,2019,08,52.0,Y
IDCJAC0001,010092,2019,09,3.6,Y
IDCJAC0001,010092,2019,10,20.6,Y
IDCJAC0001,010092,2019,11,2.2,Y
IDCJAC0001,010092,2019,12,0.2,Y
IDCJAC0001,010092,2020,01,0.2,Y
IDCJAC0001,010092,2020,02,44.0,Y
IDCJAC0001,010092,2020,03,9.7,Y
IDCJAC0001,010092,2020,04,3.8,Y
IDCJAC0001,010092,2020,05,64.8,N
IDCJAC0001,010092,2020,06,41.6,Y
IDCJAC0001,010092,2020,07,36.1,Y
IDCJAC0001,010092,2020,08,48.6,Y
IDCJAC0001,010092,2020,09,19.9,Y
IDCJAC0001,010092,2020,10,1.2,Y
IDCJAC0001,010092,2020,11,48.2,N
IDCJAC0001,010092,2020,12,13.2,Y
IDCJAC0001,010092,2021,01,0.2,Y
IDCJAC0001,010092,2021,02,18.8,Y
IDCJAC0001,010092,2021,03,63.2,N
IDCJAC0001,010092,2021,04,17.0,Y
IDCJAC0001,010092,2021,05,65.4,Y
IDCJAC0001,010092,2021,06,22.7,Y
IDCJAC0001,010092,2021,07,63.1,N
IDCJAC0001,010092,2021,08,23.6,Y
IDCJAC0001,010092,2021,09,10.4,Y
IDCJAC0001,010092,2021,10,38.2,Y
IDCJAC0001,010092,2021,11,19.4,N
IDCJAC0001,010092,2021,12,0.0,Y
IDCJAC0001,010092,2022,01,0.0,Y
IDCJAC0001,010092,2022,02,35.8,N
IDCJAC0001,010092,2022,03,27.4,N
IDCJAC0001,010092,2022,04,60.7,N
IDCJAC0001,010092,2022,05,32.2,N
IDCJAC0001,010092,2022,06,37.1,Y
IDCJAC0001,010092,2022,07,31.7,N
IDCJAC0001,010092,2022,08,71.0,N
IDCJAC0001,010092,2022,09,39.2,N
IDCJAC0001,010092,2022,10,23.4,Y
IDCJAC0001,010092,2022,11,37.6,N
IDCJAC0001,010092,2022,12,0.2,Y
IDCJAC0001,010092,2023,01,2.0,N
IDCJAC0001,010092,2023,02,0.0,Y
IDCJAC0001,010092,2023,03,23.2,Y
IDCJAC0001,010092,2023,04,31.2,N
IDCJAC0001,010092,2023,05,11.6,Y
IDCJAC0001,010092,2023,06,57.7,N
IDCJAC0001,010092,2023,07,16.2,Y
IDCJAC0001,010092,2023,08,21.0,Y
IDCJAC0001,010092,2023,09,15.6,Y
IDCJAC0001,010092,2023,10,1.6,Y
IDCJAC0001,010092,2023,11,12.2,Y
IDCJAC0001,010092,2023,12,4.2,N
IDCJAC0001,010092,2024,01,29.7,Y
IDCJAC0001,010092,2024,02,18.4,N
IDCJAC0001,010092,2024,03,22.5,N
IDCJAC0001,010092,2024,04,0.0,N
IDCJAC0001,010092,2024,05,15.0,N
IDCJAC0001,010092,2024,06,58.1,N
IDCJAC0001,010092,2024,07,72.2,N
IDCJAC0001,010092,2024,08,49.4,N
