N%,P%,K%,temperature,humidity,ph,rainfall,label
71,54,16,22.61359953,63.69070564,5.7499144210000015,87.75953857,maize
61,44,17,26.10018422,71.57476937,6.931756557999999,102.2662445,maize
80,43,16,23.55882094,71.59351368,6.657964753,66.71995467,maize
73,58,21,19.97215954,57.68272924,6.596060648,60.65171481,maize
61,38,20,18.47891261,62.69503871,5.970458434,65.43835393,maize
68,41,16,21.77689322,57.80840636,6.158830619,102.0861694,maize
93,41,17,25.6217169,66.50415474,6.047906679,105.4654703,maize
89,60,19,25.19192419,66.69029010000001,5.913664501,78.06639649,maize
76,44,17,20.41683147,62.55424820000001,5.855442401,65.27798457,maize
67,60,25,24.92162194,66.78627406,5.750254943,109.2162279,maize
70,44,19,23.31689124,73.4541537,5.852607099,94.29712821,maize
90,49,21,24.84016732,68.3584573,6.4725232870000005,74.05474936,maize
62,52,16,22.27526694,58.84015925,6.9670577620000005,63.87020584,maize
92,44,16,18.87751445,65.76816093,6.082973754,94.76189431,maize
66,54,21,25.19008683,60.200168700000006,5.919045532,72.12375573,maize
63,58,22,18.25405352,55.28220433,6.204747652999999,63.72358154,maize
70,47,17,24.612911800000006,70.4162444,6.600827017,104.1626147,maize
61,41,17,25.1420613,65.26185135,6.021902237000001,76.68456006,maize
66,53,19,23.09348056,60.11593810000001,6.033550195,65.49730729,maize
74,55,19,18.05033737,62.89366992,6.28886807,84.23613484,maize
77,57,21,24.9321581,73.80435276,6.550563822999999,79.74078719,maize
99,50,15,18.14710054,71.09445342,5.573286437,88.07753741,maize
74,56,22,18.28362235,66.65952796,6.829199275,80.97573281,maize
83,45,21,18.83344471,58.75082029,5.716222912,79.75328959999999,maize
100,48,16,25.71895816,67.22190688,5.54990242,74.51490791,maize
79,51,16,25.33797709,68.49835977,6.586244581,96.46380213,maize
94,39,18,23.89114571,57.48775781,5.893093135,102.8301942,maize
75,49,15,21.53574127,71.50905983,5.918263801,102.4852929,maize
78,48,22,23.08974909,63.10459626,5.588650585,70.43473609,maize
87,54,20,25.61707368,63.4711755,6.576418207000001,108.8303762,maize
87,35,25,21.44526922,63.1621551,6.178056304,65.88951188,maize
63,43,19,18.51816776,55.53128131,6.641906353,90.988051,maize
84,57,25,22.53510514,67.99257471,6.489040367,64.40866039,maize
64,35,23,23.02038334,61.89472002,5.680361037999999,63.03843397,maize
60,46,22,24.89364635,65.61418761,6.625404347999999,87.9298085,maize
98,44,21,25.77175115,74.089114,6.524478032,107.4931917,maize
75,56,18,19.39851734,62.35750641,5.696205468,60.95197486,maize
86,55,21,21.54156232,59.64024162,6.803931519,109.7515385,maize
98,35,18,23.79746068,74.82913698,6.252797547999999,91.76337172,maize
76,57,18,18.9802729,74.52600826,6.092725883,94.26249353,maize
99,56,17,24.10859207,73.13112261,6.234330356,71.07562236,maize
60,44,23,24.7947077,70.04556743,5.722579819,76.72860067,maize
74,48,17,21.63162756,60.27766379,6.430616465,69.21803098,maize
89,60,17,25.37548751,57.21025565,5.983952675,101.7004306,maize
69,51,23,22.21738222,72.85462807,6.80163854,106.6213157,maize
96,46,22,20.58314011,69.00128641,6.499936446,66.29390357,maize
61,60,15,24.87502824,68.74248334,6.265564338,91.26056654,maize
74,58,18,20.03728219,56.35606753,6.727303282,109.024141,maize
74,43,23,25.95263264,61.89082199,6.325235159,99.57981207,maize
63,43,17,19.28889933,65.47050802,6.807487794,71.3195307,maize
99,36,20,20.57981887,65.34583901,6.671085817000001,78.34604471,maize
77,36,23,24.71417533,56.73426469,6.648725327,88.45361858,maize
87,60,23,20.27317074,63.91281869,6.439071996,62.50351892,maize
60,38,17,18.41932981,64.23580251,6.474476516,76.41312437,maize
94,54,17,23.39128187,61.74427165,5.871647806,107.3198135,maize
95,38,22,19.84939404,61.24500053,5.730617109,100.7689246,maize
84,44,21,21.869274,61.91044947,5.850439831,107.2681929,maize
77,58,19,22.8056033,56.50768935,5.791649933,101.5952794,maize
66,44,20,19.0781471,69.02298571,6.740000687999999,80.72515943,maize
63,35,16,22.02720976,65.35549924,6.272417541,83.73280082,maize
79,45,20,23.80546189,59.24537979,5.715208817000001,89.96220140000001,maize
72,60,25,18.52510753,69.0276233,5.773454729,88.10234397,maize
67,51,24,23.50297882,61.32026065,5.584171461,64.77791424,maize
86,36,24,26.54986394,72.89187265,5.787268394,73.33636055,maize
76,48,18,19.29563411,69.63481219,5.77597783,83.21030571,maize
75,53,18,20.68899915,59.4375337,6.864793607,103.651438,maize
81,45,23,19.32666088,68.03449300000001,6.192360002999999,84.22969177,maize
73,45,21,24.60532218,73.58868502,6.636803222999999,96.59195302,maize
71,35,24,22.27373646,59.52193158,5.826426917,67.96704792,maize
96,54,22,25.70196694,61.33450447,6.960358276,83.20711308,maize
99,39,18,19.20129357,68.30578978,6.11275104,87.85092352,maize
62,48,20,21.70181447,60.47470519,6.708446922,95.71388473,maize
86,37,16,20.51716779,59.21235483,5.561510732,67.61013737,maize
94,50,19,23.30355338,73.62548442,5.873242491,97.59081274,maize
76,39,24,24.2547451,55.64709899,6.995843776,64.23845455,maize
77,52,17,24.86374934,65.7420046,5.714799723,75.82270467,maize
74,39,23,22.6265115,65.77472881,6.78073637,88.17251033,maize
81,49,20,18.04185513,60.61494304,5.513697923,104.2321615,maize
63,42,21,23.26237612,72.33125523,5.798423907999999,67.10225139,maize
99,38,21,22.88330922,71.59722446,6.352471866,67.72777298,maize
90,52,25,25.97482359,69.36385721,6.822586546,103.2234212,maize
68,40,19,26.14384005,66.20569924,6.655426355,107.2361366,maize
60,57,24,18.66116213,61.55327249,6.1212940410000005,75.03247667,maize
71,52,18,25.10787449,55.97732754,5.790770202999999,78.16077693,maize
61,59,17,23.33844615,59.24580604,6.47444292,105.0083144,maize
88,38,15,25.08239719,65.92195844,6.455116637000001,62.49190812,maize
65,60,22,25.36768364,72.52054555,6.6069840860000015,107.9124111,maize
78,37,22,25.34217103,63.31801994,6.330554389,74.52082026,maize
78,58,15,25.00933355,67.816568,6.5286312660000005,62.91359494,maize
92,60,23,18.66746724,71.516474,5.721667141,69.93293255,maize
79,59,17,20.37999665,63.73849998,6.644205485,108.5054416,maize
91,55,15,18.09300227,72.61024172,6.376651091,78.96159541,maize
76,51,18,26.16985907,71.96246617,6.247040422,79.84925393,maize
87,48,25,18.65396672,61.37879671,6.656730007999999,93.62039175,maize
71,60,22,26.07470121,59.37147589,6.2048017,85.75692395,maize
90,57,24,18.92851916,72.80086137,6.158860284,82.34162918,maize
67,35,22,23.30546753,63.24648023,6.385684213999999,108.7603001,maize
60,54,19,18.74826712,62.49878458,6.417820493,70.23401597,maize
83,58,23,19.74213321,59.66263104,6.381201909,65.50861389,maize
83,57,19,25.73044432,70.74739256,6.877869005,98.73771338,maize
40,72,77,17.02498456,16.98861173,7.485996067,88.55123143,chickpea
23,72,84,19.02061277,17.13159126,6.920251378,79.92698081,chickpea
39,58,85,17.88776475,15.40589717,5.9969320370000005,68.54932919,chickpea
22,72,85,18.86805647,15.65809214,6.391173589,88.51048983,chickpea
36,67,77,18.36952567,19.56381041,7.152811172000001,79.26357665,chickpea
32,73,81,20.45078582,15.40312102,5.988992796000002,92.68373702,chickpea
58,70,84,20.6543203,16.60820843,6.231049027999999,74.6631118,chickpea
59,70,84,17.3348681,18.74926979,7.550808267000001,82.61734721,chickpea
42,62,75,18.17912258,18.90426935,7.010570541,81.84997529,chickpea
28,74,81,18.01272266,18.30968112,8.753795334,81.98568791,chickpea
58,66,79,20.99373558,19.33470387,8.718192847000001,93.55280105,chickpea
43,66,79,19.46233971,15.22538951,7.976607593,74.58565097,chickpea
58,63,81,19.81344531,14.69765308,6.515499548999999,78.96514709,chickpea
23,62,85,18.97424756,19.5161216,8.490127142,80.7108745,chickpea
27,62,77,18.19737048,14.71070537,6.576415562,70.18185181,chickpea
28,72,84,18.72963144,19.18197264,6.481783042999999,71.58010169,chickpea
50,56,76,20.99502153,19.8601304,7.966605025,73.50734019,chickpea
39,71,84,20.28155898,16.39535215,8.140825437,82.52339655,chickpea
25,78,76,17.48042641,15.7559405,7.228963452,66.96980581,chickpea
31,70,77,20.88818675,14.32313811,6.492546046,90.46228334,chickpea
26,80,83,17.08498521,16.14565756,7.528599957000001,71.31007253,chickpea
25,68,77,20.09340593,15.11279612,7.701446446,85.74904898,chickpea
31,78,76,17.57212145,14.99927489,8.519975748,89.31050665,chickpea
60,68,83,19.12065218,18.43475844,6.620900869,85.52950164,chickpea
59,62,83,18.57665902,19.22008229,8.104396057999999,72.94940441,chickpea
22,67,78,17.16606398,14.42457525,6.204090835,72.32667516,chickpea
36,65,80,18.2872007,16.67921616,6.051091339,74.87445574,chickpea
59,60,84,19.03025305,18.66725565,7.690962337999999,94.70992037,chickpea
54,77,85,17.141861399999996,17.0662427,7.8292111439999985,83.74606679,chickpea
43,68,81,17.47809436,17.93253975,6.761599706,78.92060234,chickpea
28,76,82,20.56601874,14.25803981,6.654425315,83.75937135,chickpea
42,79,85,17.22385224,15.82069268,6.129533877,76.57580954,chickpea
32,60,83,19.69141713,19.44225438,8.829273328,91.76071648,chickpea
22,78,76,17.84851658,19.09172907,8.621662982,76.32470713,chickpea
31,79,75,18.8202251,16.1074793,8.204862075,89.73119396,chickpea
28,58,81,17.47500984,16.54314829,6.18042747,93.35034262,chickpea
57,58,77,18.72649425,17.58406365,7.978996755,81.20176515,chickpea
49,55,78,18.65580107,16.17772668,7.863113671,81.70769297,chickpea
46,76,77,18.2356751,19.68538502,6.967843048,83.74879344,chickpea
54,61,77,18.81198127,15.21618225,6.206582192999999,77.54294240000002,chickpea
38,60,76,18.65054116,17.80852431,8.868741443,77.92798682,chickpea
59,55,79,20.36720401,16.89574311,8.766128654,82.2545577,chickpea
36,76,75,18.38120357,16.63805158,8.736337905,70.52056697,chickpea
57,68,81,17.17012591,17.30457712,8.081095263,72.78624223,chickpea
35,66,81,19.37101121,15.77458129,6.138243973,85.24819851,chickpea
35,64,78,17.92845928,14.27327988,7.496645259,85.37378769,chickpea
52,60,79,19.45339934,18.23490739,8.380185271,75.6317566,chickpea
27,76,83,19.12829388,14.92241479,6.289614016,89.61857826,chickpea
57,60,84,19.1034283,17.26184541,6.586777189,75.49101167,chickpea
52,68,78,17.48504075,16.96070581,6.89655198,86.05078037,chickpea
43,79,79,19.40751744,18.98030507,7.8067476560000015,80.25064637,chickpea
44,74,85,20.18649426,19.63719995,7.150681303,78.26039559,chickpea
24,55,78,17.30287885,15.15405941,6.64919573,75.57790384,chickpea
29,77,75,17.50361137,15.48083156,7.778591617999999,72.9446671,chickpea
20,60,78,18.17234999,14.70085967,6.358740355,90.7760707,chickpea
56,67,78,17.57445618,16.71826572,8.255450758,77.81891424,chickpea
37,66,85,20.93175255,18.91295403,6.456148474,78.06910795,chickpea
49,71,76,19.71098332,17.63879418,6.613072145,85.57925437,chickpea
59,69,80,19.07937684,17.86754927,8.165359297,69.40619137,chickpea
20,79,77,18.54988627,16.02542689,7.64867466,76.32565249,chickpea
24,56,85,18.19903647,17.41333199,6.545888558,80.6405403,chickpea
51,72,75,18.88852533,14.99451145,7.1042247970000005,80.11133840000002,chickpea
57,73,85,18.49311205,14.72115044,7.358099622,91.94595352,chickpea
22,64,82,19.48974337,17.17260319,6.4740245000000005,87.51312796,chickpea
52,73,79,17.25769499,18.74943955,7.840339388999999,94.00287214,chickpea
29,75,75,19.62416326,18.71483156,7.064790365,88.4585692,chickpea
44,59,78,20.67526473,19.85388984,7.599033472,84.78344008,chickpea
41,69,82,20.02381489,16.63294455,6.715587232000001,68.97806542,chickpea
52,56,85,20.118744600000007,14.44228303,6.81712422,88.68168643,chickpea
34,76,80,20.65691793,15.84572566,7.985417393,65.23811143,chickpea
42,74,83,19.2582557,14.2804191,7.545258424,65.78042032,chickpea
34,71,79,17.927806,15.85622899,7.728998197,74.63872762,chickpea
27,73,79,19.16288268,15.83500655,7.354973451,82.69766829,chickpea
30,70,79,20.26942271,19.96978871,7.313122235,69.64449182,chickpea
57,57,75,17.09104223,18.25142068,7.785039076,87.27444866,chickpea
27,79,82,17.06579293,17.54024066,6.307004922999999,70.87150577,chickpea
32,71,85,20.62767492,14.44008871,6.4039823160000005,92.06630306,chickpea
31,76,82,20.8248451,17.85057083,7.599279991,79.20509212,chickpea
33,75,84,19.46210401,18.72831993,7.217018459,68.81405149,chickpea
47,80,77,17.18248372,16.42891834,7.561108006,72.85017344,chickpea
54,62,80,17.48911699,16.39055394,7.489545074,79.45758333,chickpea
47,79,78,17.48395377,14.76014523,6.609696734,65.11365631,chickpea
35,57,83,19.48316794,17.44534641,7.476800943,80.4986291,chickpea
53,73,77,19.71359733,18.09665739,7.325451279,73.64476535,chickpea
45,61,78,19.48649305,16.06240074,6.489389282,81.52842690000001,chickpea
37,78,79,19.95264829,14.82633099,7.786366322,88.6810311,chickpea
30,75,81,19.41789736,16.80472243,6.4084378860000015,68.4951189,chickpea
37,55,82,19.45591848,18.02235902,8.423873703,78.44910564,chickpea
53,65,76,20.19137759,16.41998269,8.719960893,77.33795356,chickpea
22,60,85,18.8392908,14.74071856,7.811997977000001,94.78189594,chickpea
60,61,78,20.71219282,19.83643308,6.317153205,94.03659867,chickpea
42,67,77,18.99424448,15.9362937,7.114405288,78.69707199,chickpea
39,76,76,19.96837462,15.57324389,8.135900726000001,69.15759062,chickpea
35,63,76,17.81564548,17.60756635,7.714153037999999,90.82097601,chickpea
30,65,82,20.71424384,15.27824066,7.103798069,76.77888672,chickpea
57,56,78,17.34150229,18.75626255,8.861479668,67.9545435,chickpea
48,65,78,17.43732714,14.33847406,7.861128148,73.0926704,chickpea
36,56,83,18.89780215,19.76182946,7.4526709,69.09512477,chickpea
40,58,75,18.59190771,14.77959596,7.168096055,89.60982451,chickpea
49,69,82,18.31561493,15.36143547,7.26311855,81.78710463,chickpea
13,60,25,17.13692774,20.59541693,5.68597166,128.256862,kidneybeans
25,70,16,19.63474332,18.90705639,5.759237003,106.3598183,kidneybeans
31,55,22,22.91350245,21.33953114,5.873171894,109.225556,kidneybeans
40,64,16,16.43340342,24.24045875,5.926676985,140.3717815,kidneybeans
2,61,20,22.13974653,23.02251117,5.95561668,76.64128258,kidneybeans
26,65,22,17.84806561,18.77621951,5.9499490810000015,143.09841709999995,kidneybeans
17,57,21,19.88394011,20.31564139,5.789214288999999,60.91974792,kidneybeans
26,80,18,19.32509638,23.3334788,5.581021521,104.7783947,kidneybeans
17,59,17,18.416700100000003,23.42829938,5.689858133,132.9801054,kidneybeans
27,59,22,21.81167649,23.20591245,5.794158503999999,130.0608093,kidneybeans
28,58,24,19.72702528,18.28173015,5.748190462999999,143.7630894,kidneybeans
25,57,19,17.15432954,19.87070659,5.566522896,87.99669731,kidneybeans
28,80,17,19.62207826,18.67170854,5.809419584,144.1567454,kidneybeans
25,60,22,21.63149148,21.17919701,5.887263027,134.3649948,kidneybeans
12,78,23,16.06522754,18.72479695,5.99812453,88.06638775,kidneybeans
6,77,25,20.61162204,24.36314135,5.792744849,69.63833855,kidneybeans
22,79,17,21.42451099,20.39659714,5.912289889,116.5206923,kidneybeans
27,80,15,19.07096165,21.21092266,5.7883869510000014,86.21917578,kidneybeans
10,55,23,21.18853178,19.63438599,5.728233081,137.1948633,kidneybeans
23,65,20,23.0429097,22.42610972,5.833940084,108.3684316,kidneybeans
19,78,16,20.65375833,23.10538637,5.967533236,67.71768947,kidneybeans
19,65,25,18.09551014,18.29318436,5.6250964460000015,144.7902323,kidneybeans
22,70,19,18.23775702,21.07643273,5.515615023,69.44951585,kidneybeans
37,64,22,17.48189735,18.8251973,5.954665349,121.9401369,kidneybeans
11,71,17,19.9191786,21.47324158,5.74644777,82.68554379,kidneybeans
18,79,20,20.27514686,23.2353604,5.877347515,139.7521543,kidneybeans
21,63,17,15.77370214,19.2303162,5.979973965,108.3441414,kidneybeans
24,80,22,16.71170642,19.17651433,5.635993966,96.77285817,kidneybeans
34,60,22,17.66148158,18.15302753,5.635231778,100.6711761,kidneybeans
16,75,21,18.50692825,23.61670065,5.679224346,87.05132890000002,kidneybeans
17,77,23,24.51324787,20.81527638,5.670062975,64.19497947,kidneybeans
37,72,18,18.87614998,24.54038287,5.724242065,105.4120514,kidneybeans
40,73,20,21.59343016,20.31871249,5.811314232000001,61.13872036,kidneybeans
9,77,17,20.12373284,24.45202552,5.783425416,106.158201,kidneybeans
1,62,23,15.43546065,18.37477907,5.607808432000001,139.0302034,kidneybeans
33,59,22,22.64236876,21.59396123,5.946999529,122.3886015,kidneybeans
23,59,19,21.98560799,24.87304788,5.852046999,129.5650601,kidneybeans
6,62,22,20.53052663,18.09224048,5.824090984,120.4509288,kidneybeans
25,63,20,15.78601387,21.14544088,5.502999119,95.17028129,kidneybeans
7,79,23,19.6365349,19.68751084,5.821649914,96.65888933,kidneybeans
8,72,17,20.57341244,19.7520218,5.711439256,87.87869161,kidneybeans
27,64,15,20.16080524,24.84207559,5.514927264,138.2362122,kidneybeans
28,66,23,21.53989176,24.25386207,5.99616119,120.6913038,kidneybeans
32,57,18,15.53834801,23.75560241,5.695422862999999,107.3850593,kidneybeans
27,56,22,19.91853092,20.70099804,5.833010957999999,108.6434544,kidneybeans
17,77,24,20.76952209,18.93146941,5.568456899,109.0193712,kidneybeans
0,65,15,23.46168338,23.22197648,5.645435626,95.84253438,kidneybeans
13,72,21,24.32116642,21.0278674,5.821194486,60.27552528,kidneybeans
34,60,23,20.12574053,24.96969858,5.659254981,100.0497183,kidneybeans
9,80,19,21.80619564,18.57086554,5.945465949,125.0972687,kidneybeans
11,72,20,19.52226241,24.92607153,5.9511774520000005,113.334026,kidneybeans
3,67,24,17.00067625,19.90790546,5.520880013999999,103.2926407,kidneybeans
35,69,23,16.78791503,24.96881755,5.578410206,75.45328039,kidneybeans
3,77,25,24.84906168,22.89464642,5.608165195,62.21292186,kidneybeans
23,62,19,16.51783455,20.4555596,5.609435127999999,98.77794225,kidneybeans
22,71,17,18.15300153,19.38602098,5.509295379,107.6907964,kidneybeans
31,79,25,23.18864385,22.3104551,5.902033406,63.38208822,kidneybeans
34,59,18,23.38002569,21.98879437,5.744117663,87.66898664,kidneybeans
12,63,17,18.358923,19.37703396,5.717143397,138.414764,kidneybeans
27,56,20,19.25975367,20.51346956,5.542690119,94.9533526,kidneybeans
7,63,24,22.95458237,24.03553105,5.858617867,107.7315386,kidneybeans
24,67,22,20.120043,22.89845607,5.618844277000001,104.6252153,kidneybeans
11,71,24,21.14011423,22.7182355,5.6066203460000015,141.6056722,kidneybeans
37,74,15,24.92360104,18.22590825,5.582178402,62.7089169,kidneybeans
25,76,24,15.33042636,24.91506728,5.56503533,135.3315583,kidneybeans
34,66,17,18.81097271,21.27833035,5.889614577000001,125.084915,kidneybeans
20,69,15,23.44260668,22.77255917,5.934136378,107.4137246,kidneybeans
37,65,16,22.8352024,18.97267518,5.683548308,63.59276673,kidneybeans
18,74,15,24.9035819,22.27512704,5.70836603,146.4727237,kidneybeans
4,67,25,23.78709569,24.35679348,5.948164454,119.6404412,kidneybeans
37,56,25,22.05592283,19.60379304,5.774755143999999,126.7265372,kidneybeans
5,59,15,18.87492997,20.18238348,5.97229163,134.1811718,kidneybeans
11,61,21,18.62328774,23.02410338,5.532100554,135.33780330000002,kidneybeans
22,80,20,23.00884744,18.86880997,5.669560726,100.118612,kidneybeans
12,61,19,19.33162606,24.13995025,5.655726817000001,68.51253427,kidneybeans
5,74,21,16.24469193,21.35793891,5.591704013999999,66.97053257,kidneybeans
27,69,22,17.91652287,24.90814655,5.932323085,69.14681022,kidneybeans
31,75,18,15.46789263,21.43780702,5.824208308999999,88.88796102,kidneybeans
36,68,20,17.06104474,23.77201471,5.86442953,81.83420522,kidneybeans
5,65,16,21.32776028,18.48522915,5.866744372,109.1013261,kidneybeans
32,79,15,23.90910104,20.74619325,5.706198621,81.60211243,kidneybeans
11,78,22,23.89756791,22.74378977,5.940546818,112.6616435,kidneybeans
0,55,22,22.98666928,20.57940608,5.916779289,143.85849380000005,kidneybeans
14,59,15,21.35135729,22.91244883,5.779090476,146.4548645,kidneybeans
29,68,23,24.1638445,19.27907819,5.82738029,116.7324324,kidneybeans
32,68,19,24.62835037,18.18325169,5.514234138,149.7441028,kidneybeans
17,64,17,21.02213209,24.93896255,5.662699104,124.6118471,kidneybeans
13,69,19,17.30844532,20.01730914,5.86390397,115.199245,kidneybeans
14,67,22,23.82576704,24.75485098,5.624690247999999,84.64143632,kidneybeans
9,69,20,19.30607278,23.96362799,5.591560999,129.3449326,kidneybeans
20,73,22,16.03768615,22.33195853,5.976312537999999,130.3900798,kidneybeans
40,78,20,19.18572809,20.83398341,5.669236258,80.15293435,kidneybeans
27,72,23,19.92889503,21.79992115,5.961934481,64.02640797,kidneybeans
14,67,15,19.56376468,24.67385131,5.690065688,139.2921004,kidneybeans
7,56,18,18.31357543,24.32991649,5.698371311,76.14153904,kidneybeans
27,65,18,20.10993761,23.22323766,5.59503163,73.36386477,kidneybeans
30,63,16,23.60506572,21.90539577,5.5259045260000015,100.5978728,kidneybeans
37,70,25,19.73136909,24.89487354,5.819403771,84.06354115,kidneybeans
27,63,19,20.93409877,21.1893007,5.562201934,133.1914419,kidneybeans
22,60,24,18.78226261,20.24768314,5.630664753,104.2570723,kidneybeans
3,49,18,27.91095209,64.70930606,3.692863601,32.67891866,mothbeans
22,59,23,27.32220619,51.27868781,4.371745575,36.5037914,mothbeans
36,58,25,28.66024187,59.3189118,8.399135957999999,36.92629678,mothbeans
4,43,18,29.02955344,61.09387478,8.840656256,72.98016599,mothbeans
29,54,16,27.78031515,54.65030015,8.153022903,32.05025323,mothbeans
32,43,22,31.99928579,54.1077461,5.270749441,71.6266696,mothbeans
14,55,15,27.33580911,55.27755933,8.050304395,73.44775287,mothbeans
5,35,20,28.92952635,53.57014709,9.679240873,66.35634104,mothbeans
25,57,24,27.65472156,58.59986279,6.974978386,36.94255012,mothbeans
11,53,24,28.52396666,55.77264351,7.39389918,61.32935611,mothbeans
40,49,17,31.02215872,45.89239456,6.68727523,53.56783314,mothbeans
38,56,25,25.74095321,45.38497051,7.88118645,67.43488235,mothbeans
27,43,23,31.70447482,56.85420099,5.875333778,44.94317432,mothbeans
24,38,22,24.47876451,58.51663927,8.202706015,34.96933295,mothbeans
23,45,21,31.46511256,51.79939437,8.985348193,74.44330654,mothbeans
29,57,20,25.60973447,50.7330069,5.87707519,53.39249517,mothbeans
31,35,23,30.30260453,47.18283631,7.707595055,68.04039813,mothbeans
0,55,25,28.17489437,43.6672299,4.524171562,45.78172762,mothbeans
7,45,22,25.50634557,44.8302551,9.926212291,74.32635105,mothbeans
17,58,25,31.12896766,43.58788762,6.455592696,32.76742894,mothbeans
11,44,17,26.34043268,55.59160391,8.016210782,35.1051197,mothbeans
22,49,22,28.23494706,61.5620517,3.71105919,72.66666443,mothbeans
9,51,19,27.04453473,49.32609633,5.49091063,48.25207759,mothbeans
28,48,15,25.16125354,55.25435777,9.254089438,40.89732789,mothbeans
26,50,19,27.3179125,51.66921088,6.005242945,32.55919573,mothbeans
36,56,20,25.4123765,49.66474269,7.437078236,31.87416982,mothbeans
8,60,18,31.21629982,46.01868196,3.808429173,53.1205277,mothbeans
24,37,21,30.573999,58.22686794,5.818219385,62.74803826,mothbeans
22,43,24,25.42517036,53.22082660000001,4.52363558,46.19374559,mothbeans
36,43,24,27.09400578,43.65305437,3.510404312,41.53749535,mothbeans
22,44,24,24.30935081,56.32938343,6.030447288,58.99536268,mothbeans
17,43,22,30.06142622,45.90067655,5.498340807999999,41.0550915,mothbeans
8,45,15,28.09568993,60.98353839999999,4.61136408,33.84110759,mothbeans
7,56,23,26.33908791,40.00933429,5.545219232000001,55.50429227,mothbeans
36,57,16,28.61409059,57.14218792,8.292875733999999,57.02891698,mothbeans
11,45,19,28.70012137,44.359648,3.828031463,44.11622138,mothbeans
6,36,22,24.21610338,59.79236306,8.869532817,42.24783476,mothbeans
17,57,20,28.50677929,45.20094476,3.793575185,66.1761456,mothbeans
4,47,20,25.97948991,64.95585424,4.193189124,72.19245835,mothbeans
9,49,16,30.88482722,41.36561835,7.661537347999999,55.053805,mothbeans
25,51,24,25.5042419,61.66852372,9.392694614,65.07981523,mothbeans
36,44,21,25.12528913,51.33189406,4.516154055,38.48678973,mothbeans
21,38,20,27.10508014,63.56791363,5.794289715,62.20279647,mothbeans
37,57,20,31.1006247,44.82069159,7.354286985,70.79934452,mothbeans
32,48,18,26.45707778,56.40226277,5.993513566,64.16167699,mothbeans
29,44,20,30.04132304,63.56222995,8.620107545,31.83192392,mothbeans
25,51,18,27.77799528,54.82130787,9.45949344,50.28438729,mothbeans
10,44,24,30.99256944,43.02151392,8.0344125,58.27600682,mothbeans
23,35,18,26.4908332,47.36534833,5.414492777,36.99362831,mothbeans
9,60,23,31.96987867,57.17377029,6.2760043360000015,64.25520357,mothbeans
3,58,21,25.36140526,46.82652785,9.160691747,55.60523179,mothbeans
22,42,22,25.54249137,56.96640758,7.887658711,48.46797044,mothbeans
12,39,21,28.99319096,62.85948245,8.183844843,70.4713043,mothbeans
39,36,22,29.34317422,60.50320928,9.072011412,34.03335472,mothbeans
32,41,16,28.63618921,61.39451307,7.702287236,68.54877876,mothbeans
30,41,15,24.83206631,44.17085032,5.88509677,52.0810886,mothbeans
19,36,22,25.44689075,58.55363573,6.16496284,57.04826619,mothbeans
4,46,15,31.01274943,62.40392519,3.504752314,63.77192383,mothbeans
21,39,20,27.06179658,52.3003173,7.388007482999999,60.74583498,mothbeans
35,57,25,27.0956288,42.26206161,8.340398059,71.12710390000002,mothbeans
22,55,24,28.56800579,57.30636014,8.66077954,64.53027638,mothbeans
35,51,17,28.79929247,49.84213387,3.558822825,40.85534718,mothbeans
17,56,17,27.94293692,45.41393636,5.9565851,69.66289997,mothbeans
28,57,17,30.47757686,61.58245338,9.416003106,61.86633917,mothbeans
22,36,16,30.58139475,50.77148138,8.18422855,64.58559639,mothbeans
11,41,19,26.85911286,41.81420849,5.131779302,44.13827124,mothbeans
38,38,18,26.31051759,61.18749126,6.294130312999999,35.73403813,mothbeans
23,37,24,28.77833449,44.2252605,7.991902443,33.95825723,mothbeans
25,35,20,28.90245417,43.35365671,8.923095695,71.90018566,mothbeans
40,45,20,29.37687468,57.69622912,6.878498176,38.34303462,mothbeans
23,58,19,24.17093241,58.25204566,5.243634848999999,59.18953429,mothbeans
2,56,23,26.65333029,59.79023382,7.550090941,36.91852635,mothbeans
3,56,17,28.19912143,53.50567601,8.709291687999999,52.13580529,mothbeans
26,51,25,28.76488954,52.62741529,7.792508067999999,55.21606732,mothbeans
39,42,20,29.3499706,61.25353851,8.055908857999999,40.82840673,mothbeans
27,59,20,28.00937423,52.60950014,4.397698806,36.01203025,mothbeans
24,45,19,26.85851927,48.8246387,5.9523849570000005,34.7426459,mothbeans
7,40,17,31.2123945,40.92604945,8.532078732999999,53.78769958,mothbeans
15,45,23,24.20422636,61.43378674,7.224193642,46.0203959,mothbeans
26,52,23,29.98835437,49.60384796,4.931890506,52.92929636,mothbeans
20,45,16,29.93964907,54.61813464,4.626212446,45.43669946,mothbeans
34,54,24,31.2119298,41.55934359,5.026003659,68.80141783,mothbeans
19,51,25,26.80474415,48.23991436,3.5253661,43.87801983,mothbeans
29,41,21,31.49398069,62.84916863,8.86979671,64.56807592,mothbeans
20,50,22,30.99694676,46.42693735,9.406887533,38.31597852,mothbeans
11,40,23,29.61253065,63.04749127,5.80428611,50.1978269,mothbeans
15,54,15,29.97604322,57.03184356,8.35495812,44.86052932,mothbeans
35,55,22,30.88883074,52.62696801,8.634929739,55.51932414,mothbeans
9,59,25,30.39321309,60.16299493,7.699200949,35.37493212,mothbeans
40,45,18,30.43683729,55.20522037,5.261285926,30.92014047,mothbeans
35,38,19,25.32688786,63.18180319,9.112771682,32.71129281,mothbeans
14,58,17,30.53684308,59.96664731,4.605700542,33.48919022,mothbeans
40,55,18,30.38257873,40.5926071,7.115994051,47.95406479,mothbeans
18,36,23,24.01825377,53.76623369,7.214078621,35.03404425,mothbeans
35,52,15,28.69841277,61.14754363,9.93509073,65.67591794,mothbeans
4,59,22,29.33743412,49.00323081,8.914074888,42.44054315,mothbeans
22,51,16,27.96583691,61.34900107,8.639586199,70.10472076,mothbeans
33,47,17,24.86803974,48.27531965,8.621514073,63.9187654,mothbeans
2,51,17,25.87682261,45.96341933,5.838508699,38.53254678,mothbeans
16,51,21,31.01963639,49.97675220000001,3.532008668,32.81296548,mothbeans
19,55,20,27.43329405,87.80507732,7.18530147,54.73367631,mungbean
8,54,20,28.3340432,80.77275974,7.034214276,38.7976407,mungbean
36,55,20,27.01470397,84.34262707,6.635968697999999,55.296354,mungbean
10,56,16,28.17432665,81.04554836,6.828187498999998,36.35720652,mungbean
22,56,17,29.87888063,87.32761241,6.89077995,44.75215854,mungbean
9,57,24,29.89232778,89.71503316,7.165121108999998,42.99498978,mungbean
34,59,23,28.56212158,83.24855855,6.935804256,56.48265193,mungbean
31,51,25,27.53592929,85.57019009999998,7.196774236,53.01899249,mungbean
0,49,18,29.68361658,87.93598094,6.990095452,41.82490236,mungbean
21,39,20,28.14448546,82.1193047,7.064782137999999,46.75690086,mungbean
28,35,22,29.53037621,86.73346018,7.156563094,59.87232071,mungbean
17,52,17,27.88352946,86.45147631,6.364967184,44.64407105,mungbean
24,42,23,28.22471276,82.35916228,6.428054409,44.01206619,mungbean
28,46,16,29.008124,84.96089355,6.664187809,45.91011391,mungbean
21,38,21,29.75538903,86.45193297,6.637677489,37.54602719,mungbean
34,60,25,29.78416743,85.16906976,6.79385576,40.77872823,mungbean
19,53,22,27.8640132,80.4513142,6.852884642999999,42.83053902,mungbean
31,58,15,27.11026483,84.96771717,7.121571293,51.52617423,mungbean
19,35,24,27.11030369,83.64274107,6.883308033,49.11964582,mungbean
24,53,17,28.95451232,89.07866095,6.421271178,57.65901369,mungbean
13,47,20,29.21780035,87.93724219,6.54450214,43.1386631,mungbean
31,53,16,28.7420098,85.81675947,6.452006451,48.54598575,mungbean
28,45,23,29.65021184,80.29868321,6.489259136,56.76278363,mungbean
31,37,21,27.23924995,86.404241,6.713410626,37.31236904,mungbean
33,60,15,28.95172351,81.67085323,6.510840928,56.51103293,mungbean
34,45,21,28.18837136,82.60629652,6.2873801170000005,37.01110438,mungbean
13,57,25,28.30041493,86.20681554,6.86308576,50.47333854,mungbean
33,57,17,27.89636126,88.71782287,6.78415271,57.79863368,mungbean
32,57,22,28.6899851,87.50436797,6.769415887999999,44.56598352,mungbean
23,59,25,27.826262300000003,88.73100226,6.320768488,56.68833819,mungbean
35,41,18,28.70562673,81.59200689,6.705008503999999,59.87065439,mungbean
6,48,24,28.6362812,84.61431076,6.790736339,48.48319335,mungbean
29,36,25,28.28511547,88.4393979,7.130278657000001,48.56690235,mungbean
4,36,22,27.60887393,86.13316408,7.012740397000001,43.80041104,mungbean
10,59,22,28.60901145,86.99495766,7.1556850160000005,36.94616965,mungbean
14,48,21,29.24598976,84.80084105,6.991242362,53.43228915,mungbean
8,50,21,28.62911222,89.11480590000002,6.218923893,50.49913241,mungbean
20,40,15,29.57329479,88.07505524,7.199495367999999,45.04467075,mungbean
36,43,22,27.82684262,87.16679147,6.3898821660000005,58.37249772,mungbean
14,57,15,29.8757015,83.14796296,6.623438282,40.12044158,mungbean
11,60,23,27.33684386,88.50229102,7.033012777000001,51.09802625,mungbean
10,59,15,29.83040388,89.30428305,6.32400451,58.86687093,mungbean
7,60,25,28.2753171,82.76020821,6.397636709,56.04995423,mungbean
2,47,15,29.86860065,85.99127934,6.401455706,58.41394143,mungbean
20,45,22,29.5888162,89.9939693,6.904587016,54.96121262,mungbean
2,39,15,28.07219563,82.9116472,6.478557136,49.61865305,mungbean
27,40,24,27.84026517,89.99615558,7.063022095,52.84626009,mungbean
35,48,15,27.10818093,87.45126690000002,6.981758362000001,55.03723979,mungbean
4,59,25,27.68515114,81.94268594,6.227134139,54.62243308,mungbean
1,48,24,29.34594634,85.60472562,6.232836962,59.03629954,mungbean
36,43,21,28.36319404,84.8593608,7.140437859,52.93031105,mungbean
11,46,24,27.65280218,89.80650642,6.459252023,56.52558045,mungbean
34,47,19,27.31372793,85.44815232,6.568795403999999,53.15223123,mungbean
21,44,18,27.06909959,86.89934108,7.12851089,50.46746116,mungbean
17,58,20,28.06642822,85.91625451,6.42937879,39.23831035,mungbean
25,40,21,27.73329078,81.13903037,6.248900919,44.17580911,mungbean
2,38,18,27.53632932,89.92908171,6.619891497999999,45.48591922,mungbean
9,48,20,29.66461594,84.28187572,6.377568542000001,56.09542002,mungbean
37,49,25,29.914544300000006,85.85384444,6.415459592,41.39081525,mungbean
36,38,15,28.36363858,87.59810657,6.3206620120000006,57.99524359,mungbean
40,58,15,29.46416042,87.60890009,6.978400282000001,43.15411472,mungbean
30,44,16,29.73013036,82.89166381,6.442335592999999,50.91511275,mungbean
1,59,23,27.46852989,87.17649,7.184398832,43.78420984,mungbean
9,48,22,27.77076285,87.09979549,6.402926221,49.50812624,mungbean
14,41,17,29.12939524,88.48312598,7.085982325,36.45012824,mungbean
35,52,19,27.10606808,89.89593328,6.698574085,37.45680611,mungbean
31,48,17,28.88078945,86.94206817,6.594739424,53.79732545,mungbean
4,41,20,28.14720892,83.8001509,6.647965508,37.44800463,mungbean
30,37,25,29.89129144,80.14487166,7.120032489,54.7960127,mungbean
9,35,20,27.41503453,80.98004661,6.91380932,40.53173216,mungbean
20,41,20,29.27308605,89.4875022,7.073048264,50.9246554,mungbean
37,50,23,29.65296893,88.48587386,6.5304707,56.01913159,mungbean
34,35,21,28.44524991,82.67639542,6.684381357,58.18713162,mungbean
14,37,15,27.96235681,83.97586797,6.581351374,48.9366954,mungbean
23,39,22,29.25649321,81.97952224,6.86483915,42.02483277,mungbean
5,45,21,28.36291385,88.00989267,6.487124217000001,43.05130077,mungbean
22,37,20,27.62749466,86.49366929,6.605733067999999,39.26137642,mungbean
40,51,17,28.66086349,86.12194568,6.860602782000001,50.01534317,mungbean
27,56,20,29.2114218,87.11497805,6.41874299,51.53848218,mungbean
31,40,22,29.40889385,86.16063492,6.365513634,53.35486977,mungbean
38,36,21,28.02952623,84.8845732,6.5563729660000005,36.12042927,mungbean
6,37,17,28.08657178,80.35005927,6.760694227999999,38.14476781,mungbean
6,47,18,29.16174608,80.28038146,6.715276662999999,40.16545979,mungbean
24,44,17,29.8596912,80.03499648,6.666380512000001,50.66487502,mungbean
25,59,19,29.06631494,83.6869203,6.626629798,43.95183726,mungbean
32,56,21,27.38538997,88.66663953,6.702772465,58.29933073,mungbean
8,45,18,27.93034941,85.42058715,7.011030515,43.25095608,mungbean
19,39,17,29.2808618,81.8009244,6.890156495,44.47427436,mungbean
39,37,15,28.9973145,83.78911515,6.821747052,59.84499208,mungbean
33,37,19,27.92678579,86.5543196,7.183189922,43.4826194,mungbean
26,54,17,28.5474135,88.9570454,6.27258822,49.4897245,mungbean
21,51,15,29.36488409,89.1886954,6.679127482,48.30159325,mungbean
22,54,20,28.56149805,83.63802195,6.689825155,41.013132,mungbean
29,45,16,28.43683487,87.91332682,6.583381939,43.12063289,mungbean
4,40,21,28.79728147,80.45744422,6.725551062,44.30070517,mungbean
10,37,22,28.7275267,89.12760359,7.069747813999999,58.52974279,mungbean
4,44,19,27.95639663,83.52706038,6.921993877999999,43.25726752,mungbean
20,45,17,28.17458662,83.69659318,6.770955317,37.2464655,mungbean
23,45,23,28.77653519,86.69133979,6.983130466,56.12443206,mungbean
25,48,21,28.438097,83.48991368,6.267684328,52.55469976,mungbean
56,79,15,29.48439992,63.19915325,7.454532137,71.89090748,blackgram
25,62,21,26.73433965,68.13999721,7.040056094,67.15096376,blackgram
42,61,22,26.27274407,62.28814857,7.418650668,70.23207557,blackgram
42,73,25,34.03679184,67.21113844,6.501869314,73.23573601,blackgram
44,58,18,28.03644051,65.06601664,6.814410927999999,72.49507741,blackgram
50,55,16,28.81460716,65.33538112,7.581442888,62.26242533,blackgram
35,72,21,34.03619494,64.28791388,7.741418772,66.85510868,blackgram
30,64,20,33.8642935,61.57072498,6.573531614,68.02199825,blackgram
27,64,21,32.84213012,68.68401492,7.543804222999999,73.67166182,blackgram
50,74,17,27.10053268,63.36085585,6.5408208,73.84949872,blackgram
39,73,24,25.65842532,61.18235808,7.22405917,69.28607828,blackgram
57,67,25,32.34744009,66.61452812,7.551364319,64.55882254,blackgram
52,63,19,29.58949031,68.32176769,6.928898659,67.53021213,blackgram
55,66,22,30.91219459,68.79427388,7.747775262999999,66.63830637,blackgram
51,56,18,28.12787838,64.2097765,6.706505915,70.86340755,blackgram
36,66,15,30.08545364,69.34811988,6.668238556,67.1367443,blackgram
59,55,19,31.74379487,62.51007687,7.332375138,68.97097538,blackgram
50,58,23,27.81326852,62.50460464,7.596802025,69.75555541,blackgram
30,65,25,32.88733849,64.59457409,7.70650895,71.50569456,blackgram
20,62,18,29.36358721,64.98742947,7.366542647,61.91208707,blackgram
58,71,15,27.82592799,67.58618829999999,6.919243702,74.01229707,blackgram
25,71,24,28.49538735,60.44848407,7.187721817999999,74.91559514,blackgram
52,71,16,27.74274761,68.53997144,7.0758864720000005,71.78615328,blackgram
40,63,18,30.41588462,67.66323804,6.74441168,63.02473185,blackgram
20,60,25,27.3254209,69.09047809,6.726469087999999,61.19250859,blackgram
48,61,21,30.28496619,61.69295127,6.628264883,65.62859526,blackgram
49,68,22,28.56840626,61.53278622,7.127064207,63.49726331,blackgram
48,62,15,25.36586097,66.6379724,7.538631462000001,65.81655892,blackgram
32,66,17,34.9466155,65.26774011,7.162357641,70.1415139,blackgram
21,63,22,25.09737391,67.72837887,6.859409487000001,74.61649888,blackgram
20,72,19,32.47648301,64.34848735,7.397190844,65.82045699999999,blackgram
25,65,21,33.86351172,68.59232289,6.880245789,69.24464096,blackgram
41,78,21,25.19857725,60.37332688,6.581313137,70.88787207,blackgram
53,67,17,31.77681682,69.01852894,7.296972161,61.46892873,blackgram
39,60,21,34.89814946,63.59948557,6.97297656,64.72797143,blackgram
25,76,17,31.74105409,68.63525428,7.241148507,62.3061735,blackgram
21,78,19,27.16159076,66.76017239,6.92009048,69.85112265,blackgram
57,60,17,26.23773129,67.88521396,7.504608385,73.58663968,blackgram
56,75,15,30.20157245,60.06534859,7.152272256,66.37171179,blackgram
49,72,15,31.55846339,67.83563765,7.137004749,74.86960831,blackgram
24,80,19,29.67892453,69.0854554,6.8080417220000005,65.66436565,blackgram
49,76,18,27.05365239,67.7017527,7.393631868,60.4693835,blackgram
28,68,19,34.63880966,61.38597868,7.69950698,72.43169115,blackgram
55,78,21,33.39438752,62.93692886,6.602888248999999,63.57445989,blackgram
50,64,25,28.84079155,63.37230676,6.734447425,70.25496749,blackgram
34,80,19,31.49338309,63.0563645,6.521217963,71.48327008,blackgram
20,68,23,25.54960633,63.95425534,7.707332484,63.1830529,blackgram
55,67,16,34.37329112,69.69366426,6.596719015,70.27184748,blackgram
23,70,15,34.600824700000004,63.11296779,7.403623355,60.41790253,blackgram
53,74,15,29.43463808,64.94329356,7.517097,72.17818157,blackgram
26,67,16,29.10713092,67.90577375,7.17620823,67.83345933,blackgram
33,80,22,28.57006111,65.71765781,6.593961761,70.0866434,blackgram
37,79,19,27.54384835,69.3478631,7.143942758,69.40878198,blackgram
33,75,21,33.04687968,68.93875631,6.690655045,62.30278274,blackgram
22,55,20,33.95309131,69.96100028,7.423530351,61.16350463,blackgram
20,68,17,30.11873003,60.11680815,6.578714842999999,71.72980375,blackgram
43,68,20,29.57812712,66.17587668,7.497469256,69.43895491,blackgram
44,76,22,27.26458947,68.01232937,7.775306272000001,68.91754359,blackgram
34,60,16,31.35730791,64.24992106,7.322555222999999,63.85668948,blackgram
21,72,17,31.52104732,66.55723677,7.580527339,61.71111448,blackgram
25,68,19,29.39982732,64.25510719,7.1084501210000015,67.47677295,blackgram
41,62,15,29.38400259,64.14928485,7.358974541,65.24194361,blackgram
28,65,23,28.38686534,61.88871127,7.405176138,74.24459122,blackgram
35,64,15,28.47442276,63.53604453,6.500144962,69.5274407,blackgram
52,58,16,30.64095781,61.14508627,7.167435834,71.36947525,blackgram
58,75,25,25.25596239,61.36669662,7.261791753,68.64685069,blackgram
34,66,19,32.97030511,60.18122078,7.586642101,73.44678678,blackgram
52,70,16,33.66855394,66.60416867,7.534811832999999,67.32520551,blackgram
23,57,19,32.83963757,67.99803573,7.251000789,73.40452716,blackgram
42,58,25,27.45853567,62.90020977,6.513620917999999,69.46020927,blackgram
37,62,17,25.68576704,69.84354028,7.121254928,74.62068748,blackgram
44,75,22,30.0328403,64.14800537,7.574561547,71.21006868,blackgram
21,80,20,28.20667264,68.27085245,7.350869792,64.32887142,blackgram
56,76,16,28.27265858,61.18956161,7.5131510760000015,63.29900785,blackgram
29,76,15,28.541723600000005,64.2020154,7.0256077060000015,69.68862306,blackgram
43,61,20,26.87187036,61.61367264,6.804253866,63.51822045,blackgram
55,60,15,32.79766751,68.77994074,7.163043872,64.11411069,blackgram
44,63,15,26.42333018,64.51136845,7.338929556,63.46546487,blackgram
29,67,21,29.79181107,63.38789228,6.621323612,63.02169909,blackgram
47,63,16,27.44003279,67.10464369,6.661870999,72.50669768,blackgram
40,68,17,34.1262979,65.14877461,7.733149554,70.40795007,blackgram
58,61,15,30.94908189,64.23364112,7.402891666,62.78730907,blackgram
41,74,18,28.75751783,61.02701476,6.599147297999999,73.37686831,blackgram
58,79,17,27.24766491,66.10123083,7.04174124,62.31842057,blackgram
27,62,24,28.63005477,66.770943,7.353876754,62.2737345,blackgram
27,60,17,26.41768321,63.64698302,7.026795358999999,64.42177127,blackgram
52,65,20,32.81705216,66.15665137,6.814301033,68.83924882,blackgram
44,55,25,29.6321052,65.91359954,7.42160832,71.16331975,blackgram
21,62,24,33.49077065,62.73317204,6.8473828910000005,65.45328463,blackgram
60,59,22,31.86847286,66.74217464,7.191522601,74.22238583,blackgram
33,77,21,30.32992227,65.62971858,7.01285529,71.64631281,blackgram
59,58,17,28.546224,66.31394098,7.368318809,62.83469851,blackgram
29,63,17,30.02629908,67.88811637,7.26154329,66.47264636,blackgram
59,63,18,31.65531175,60.13263713,6.52669158,66.69096751,blackgram
29,70,15,30.33499674,63.54718862,6.872594461,74.16699119,blackgram
58,73,16,33.36984395,65.67718163,6.874142175,64.89517488,blackgram
55,77,22,31.4345059,62.99303471,7.76061831,64.77651469,blackgram
42,79,23,27.71678273,63.29103387,6.781841984,68.56507978,blackgram
44,77,21,32.63918668,61.3009051,7.326980454,61.83876146,blackgram
38,62,25,32.7477393,67.77954584,7.453975408,63.37784443,blackgram
32,76,15,28.05153602,63.49802189,7.604110177000001,43.35795377,lentil
13,61,22,19.44084326,63.27771461,7.728832424,46.83130119,lentil
38,60,20,29.84823072,60.63872613,7.491217102,46.80452595,lentil
11,74,17,21.36383757,69.92375891,6.633864582,46.6352865,lentil
37,71,16,26.28663931,68.51966729,7.324863481,46.13833007,lentil
29,71,18,22.17499963,62.13873825,6.410441476,53.46622584,lentil
2,72,18,26.57597546,60.97876599,7.836719564,50.89110726,lentil
6,59,21,26.58972517,66.14007674,6.139215944,50.90994463,lentil
13,64,20,19.1345771,62.57526895,6.590571088,36.46946971,lentil
8,58,17,28.75273118,69.15640149,7.286049977999999,35.15426171,lentil
6,77,20,25.78746268,60.2816298,6.058306161,49.14337177,lentil
2,75,22,23.89271875,61.78779413,6.658605362,52.55730112,lentil
3,69,23,28.67408774,63.18832976,7.299360767,42.96018627,lentil
27,80,24,28.42062847,61.77336343,7.815210661,49.02366803,lentil
39,78,15,21.35499456,62.60136323,5.925391795,41.78219834,lentil
40,79,17,21.12695586,63.18738532,6.403683619,38.71834464,lentil
37,62,22,24.02037872,61.62313345,7.397546271,49.78102578,lentil
31,60,24,25.40474421,65.8567539,7.722335992,51.92057267,lentil
22,67,22,29.03017561,64.49166566,7.475926645,54.93937710000001,lentil
3,78,18,20.21368219,68.65257685,6.887130053,50.89732989,lentil
4,80,16,29.19585548,68.01965728,7.441976825,44.93261911,lentil
13,61,24,18.29783597,69.6897615,7.629910252999999,49.39111479,lentil
12,66,20,27.41434987,63.41785982,7.336117221,44.43177543,lentil
4,61,21,24.84063998,60.09116626,6.75020529,48.77790371,lentil
9,60,21,29.94413861,67.31323084,7.52178027,40.37113729,lentil
18,66,22,25.87990287,67.55109024,6.347379185,47.89645224,lentil
32,56,18,20.0467711,65.84395319,7.135251532000001,46.05333124,lentil
6,72,15,22.99451999,66.70897237,7.670178119,54.49044154,lentil
15,77,20,25.13163619,66.92642362,7.399749291,49.04015558,lentil
0,65,24,28.49584395,62.44616219,7.841496029,53.14531023,lentil
30,79,22,18.28766124,69.48515056,6.254216611,48.60449438,lentil
3,63,16,24.38041875,61.18458224,6.868881707999999,53.13946695,lentil
2,78,23,21.31852148,66.43934593,7.320514721,45.42616802,lentil
10,78,18,18.54141834,62.70637578,6.296976913,44.07819743,lentil
14,67,25,25.28710601,60.85993533,7.241151936,49.37369982,lentil
39,65,23,25.43459777,69.12613376,7.685959305,41.02682925,lentil
19,72,15,28.83600962,69.76112921,6.890760124,44.08562546,lentil
18,57,21,27.37659643,63.93927841,6.155915975,49.47371773,lentil
31,58,15,28.31886863,60.19461399,6.167855382000001,45.36521251,lentil
28,58,25,27.4818649,62.04814951,6.861640036,37.81123974,lentil
5,65,19,18.28072173,68.10365387,6.978361689,48.80253285,lentil
16,65,19,27.61204997,69.29786244,7.043160241,42.72374404,lentil
34,65,19,23.43974653,63.22011726,5.94239222,45.40277297,lentil
14,69,19,20.95628486,63.68128841,7.239455147,52.39881209,lentil
22,55,16,23.7937153,68.03209183,6.516317561,49.73922097,lentil
24,61,17,22.6371424,65.44544859,6.233269045,38.30411077,lentil
2,79,15,21.53577883,65.47227704,7.505283615,35.75107592,lentil
26,63,17,29.87854588,65.73085206,6.950300686,44.95654782,lentil
27,61,15,25.2653291,67.10004577,6.958054839,48.33941188,lentil
24,70,16,25.17885316,68.93307305,6.54803469,35.03484812,lentil
13,74,25,24.12192608,61.09533545,6.461618577,44.23629285,lentil
6,64,23,23.33565221,67.40460704,7.065264073,36.18678721,lentil
12,58,23,21.74600081,63.39503184,6.765091462000001,50.43306085,lentil
32,79,22,27.60195453,63.46170674,5.91645379,54.37814199,lentil
6,68,18,24.388717,62.50453062,6.711341147000001,47.26052494,lentil
10,79,20,24.98287462,66.895409,6.379881442,38.21370568,lentil
38,77,22,28.234829,69.3159965,6.313284267999999,35.36831423,lentil
17,74,17,26.03026959,69.55863145,7.393210848,37.11395801,lentil
26,68,24,28.04849594,64.07691942,7.504930973,37.15824966,lentil
23,75,17,24.87425505,64.00213929,7.198076286,48.28137482,lentil
32,78,22,23.97081395,62.35557553,7.007037515,53.40906048,lentil
19,79,19,20.06003985,67.76252583,6.677262562,42.89509057,lentil
22,60,18,19.59221047,61.28633405,6.74398035,41.7704893,lentil
28,69,16,29.77013109,66.29327012,6.547361617999999,35.69674138,lentil
1,67,21,27.52135365,60.53657684,6.551577598,48.06491307,lentil
12,67,23,25.62896213,63.14909763,6.585020302999999,45.49683991,lentil
36,67,20,20.39078312,60.47528931,6.924042372000001,53.31508572,lentil
28,70,21,25.39038396,60.4989659,7.437373666,39.18374505,lentil
12,71,19,24.91079638,60.71367427,7.142611056000002,42.19740397,lentil
22,68,16,27.70496805,63.20915034,7.74672376,37.46160727,lentil
26,66,22,18.06486101,65.1034354,6.300479414,51.54922825,lentil
16,65,16,18.13027797,62.45851612,6.078724107,50.6128521,lentil
14,59,22,23.82723528,67.89815262,6.76660668,46.90725077,lentil
33,59,19,23.19305333,62.74710773,7.641024177,49.55213308,lentil
21,63,17,25.08966129,68.17543102,6.559681838,41.45486619,lentil
0,69,21,25.86928193,61.88321072,7.072923306,36.68284038,lentil
10,75,17,18.43966037,68.05394959,7.732194787999999,39.00992137,lentil
30,61,18,27.14911056,67.02664337,6.157782589,52.50812701,lentil
0,74,17,23.33375853,64.50515776,7.240988401,47.01510708,lentil
35,74,22,26.7230014,62.96841833,6.898905799,42.87274897,lentil
7,63,24,19.55750776,64.45268309,6.818681086000002,53.04669416,lentil
9,56,17,26.13708256,66.7729209,6.261937875,46.48280681,lentil
14,74,15,27.99990346,65.57653373,6.493036868,49.94043064,lentil
14,76,20,29.05941162,62.10652364,7.042474679,36.5011366,lentil
36,65,16,25.71269843,64.1123333,7.692013657,50.17067771,lentil
28,67,21,21.79792649,63.73086065,6.250994222999999,46.62370222,lentil
28,79,16,24.70626432,60.26854183,6.0521848810000005,53.12442925,lentil
40,61,22,20.94981756,65.8108757,7.002216044,44.23913012,lentil
10,70,19,24.84918386,68.98088448,7.272427638,41.61080544,lentil
12,80,19,21.91041045,65.21662467,5.962001484,36.10211371,lentil
37,77,20,25.93381964,68.70533022,7.080506001,51.02372773,lentil
0,67,22,29.82112112,69.4073209,6.5937983870000005,51.56461082,lentil
7,73,25,27.52185591,63.13215259,7.28805662,45.20841071,lentil
10,56,18,27.99627907,68.6428593,7.32710972,46.10585191,lentil
39,70,15,20.76774783,63.90164154,6.366355781,47.9271552,lentil
26,56,22,23.05276444,60.424786,7.011121216,52.60285259,lentil
9,77,17,21.65845777,63.58337146,6.280725549,38.07659414,lentil
4,59,19,26.25070298,67.62779652,7.621494566,40.8106299,lentil
34,73,15,20.97195263,63.83179889,7.630424082999999,53.10207889,lentil
33,77,15,23.89736406,66.32102048,7.802212437,40.74536757,lentil
133,47,24,24.40228894,79.19732001,7.231324765,90.8022356,cotton
136,36,20,23.09595631,84.86275707,6.925412377000001,71.29581071,cotton
104,47,18,23.9656349,76.97696717,7.633437412,90.75616738,cotton
133,47,23,24.88738107,75.62137159,6.827354668,89.76050416,cotton
126,38,23,25.36243778,83.63276077,6.176716425,88.43618918,cotton
126,50,19,24.69457084,81.7358876,6.6287228360000015,78.58494391,cotton
113,41,20,25.0017188,80.53965818,7.256877571,96.32600992,cotton
121,45,22,22.45942937,81.30681027,6.443785385,64.23026638,cotton
121,47,16,23.60564038,79.29573149,7.7232401510000015,72.49800885,cotton
129,60,22,24.58453146,79.12404171,5.947448589,71.94608134,cotton
107,45,25,23.0865933,83.55546146,7.2277455160000015,71.84080724,cotton
122,59,18,23.5000992,83.63488952,6.219469084,79.81328183,cotton
140,38,15,24.1472953,75.88298598,6.021439523,69.91563467,cotton
102,49,21,24.69315538,84.84422454,6.253343655,89.799462,cotton
111,40,25,24.48469200000001,84.44932014,6.187455798999999,90.94342484,cotton
131,35,18,24.49112609,82.24415809,7.0576933660000005,64.02949379,cotton
135,43,16,23.47986888,81.73049149,6.720449769,86.76287924,cotton
100,46,18,24.18586246,76.04203958,6.4316895060000006,69.08056728,cotton
123,39,24,25.00755095,78.17952126,7.453106264,86.06411872,cotton
117,56,15,25.99237426,77.0543546,7.368258226,89.1188212,cotton
121,36,24,23.66457347,81.69105088,7.352401887,99.36898373,cotton
101,58,18,25.66891439,81.38103349,6.652143699,78.59595817,cotton
107,42,24,22.04612876,84.62978302,6.144631795,86.00758678,cotton
100,41,22,22.4204752,84.55794703,7.318802162000001,93.46595573,cotton
125,39,21,25.03149561,82.21276599,7.954629324,95.0191318,cotton
105,60,23,23.53371386,77.21705554,6.207652157,87.54004943,cotton
102,46,19,22.77076388,82.5993307,6.631005298,81.49543437,cotton
131,49,22,25.49848236,79.9751579,7.306918817000001,67.05961949,cotton
139,35,15,25.248679,83.4630147,5.898293044,86.55517751,cotton
108,36,19,22.78249615,77.51235009,7.238566893,64.61444234,cotton
118,45,23,23.37044424,77.43198948,7.977651226,71.67870701,cotton
107,51,22,24.86560781,78.22080815,5.983075895,79.56866268,cotton
125,60,17,24.14386157,84.51591287,6.785723961,80.36146974,cotton
113,37,20,25.03300222,79.04368718,7.393441155,97.10087029,cotton
131,52,16,23.65724079,84.47601498,6.486068274,88.54479121,cotton
115,48,16,25.54359718,84.09229796,7.175934962,88.94245493,cotton
113,38,25,22.00085141,79.47270984,7.388265887999999,90.42224164,cotton
111,41,18,23.64328417,78.1258666,6.10539819,80.96157332,cotton
111,53,19,23.96436009,78.02763149,6.419536555,84.63148859,cotton
122,48,16,24.65425757,75.6350708,6.307585854,61.82980133,cotton
108,46,17,24.3017998,84.87668973,6.93221485,65.0247867,cotton
132,41,22,24.29144926,81.02453404,7.810865753,90.41694635,cotton
103,42,17,24.29470232,84.61527627,6.527541661,81.05902285,cotton
133,50,25,25.72180042,81.19666206,7.569454601,99.93100821,cotton
127,37,18,24.87663664,76.30050373,7.041065585,91.9223468,cotton
110,39,25,22.60612115,77.34264002,7.208795456,75.13617229,cotton
131,38,19,23.86814008,75.68339729,6.814341946,90.4547185,cotton
108,38,24,23.41022496,76.43836957,7.442217061,78.82199603,cotton
122,40,17,24.96440768,81.31677618,6.854558957,80.03995829,cotton
111,50,15,25.16820129,80.30351815,7.884550475,84.62419032,cotton
140,40,17,22.72767171,77.07598065,6.006085786,77.55176318,cotton
100,40,20,22.45145981,76.25674874,7.432043735,86.84998693,cotton
123,50,16,23.04920461,75.53835214,6.498052108,70.65644296,cotton
107,36,21,25.29250148,75.66653335,6.205263534,62.64174227,cotton
118,50,19,22.95604064,82.33733678,6.360812227,66.48339303,cotton
103,51,20,22.80213132,84.14668447,7.0466074339999984,91.6389565,cotton
133,57,19,23.54234715,75.98203329,7.947011366,84.12536744,cotton
129,47,20,24.41212325,80.80343786,6.281913857999999,98.60457373,cotton
116,52,19,22.94276687,75.37170612,6.114525877,67.08022574,cotton
114,40,23,25.53676123,81.13668716,6.7539780610000015,95.4262599,cotton
131,60,17,25.32023717,81.79475917,7.4250413160000015,83.46532547,cotton
107,43,18,22.426733,81.53480799,6.745104394,65.54475812,cotton
123,44,21,25.78544484,75.00539324,7.6411165689999985,91.39578861,cotton
112,49,25,25.68959532,77.90621048,6.470135478,66.19426787,cotton
119,44,15,22.14593688,82.85975490000001,7.091992365,60.65381719,cotton
130,59,19,25.07278712,82.50257909,6.520403794,93.51042684,cotton
127,53,24,22.21506982,76.17851932,6.127939627999999,70.40557612,cotton
134,52,18,23.9643129,76.59175937,7.994679507000001,76.13090645,cotton
109,36,18,25.40059227,76.53237965,7.524707577,62.51388670000001,cotton
100,48,17,23.7805123,83.03878838,7.827877817999999,66.26555904,cotton
132,52,19,24.16402322,76.7433897,6.436691764,61.94626051,cotton
102,37,25,25.31468463,77.91757121,5.907930899,72.82902109,cotton
111,39,22,22.60361557,80.35090459999998,6.135025006,88.57395505,cotton
117,51,15,22.9535715,78.71555832,6.044556594,99.75336197,cotton
136,36,24,22.74446976,80.41198458,7.59781958,90.07326633,cotton
134,56,18,23.80834611,83.91902605,6.691268104,70.97358303,cotton
112,54,15,25.46228792,81.56641891,6.1754923060000015,76.88582484,cotton
105,56,15,25.96779712,81.97904282,7.272316208999999,74.14169043,cotton
140,45,15,25.5308271,80.04662756,5.801047545,99.39557151,cotton
126,46,25,24.43847399,81.69801729,6.757457943,60.79645852,cotton
106,49,24,23.03887865,76.47039772,6.983395572999999,90.64770699,cotton
121,53,19,23.51308653,76.72621429,7.976889497999999,80.11272117,cotton
108,60,17,22.75805656,76.75768356,6.558902588,97.76600619,cotton
116,56,17,24.71252544,77.7293114,7.979090365,85.24963302,cotton
100,52,19,23.45969093,82.44777468,7.903528672999999,93.50153555,cotton
129,43,16,25.5503704,77.85055621,6.73210948,78.58488484,cotton
118,44,23,22.08458267,82.82904143,6.6916904760000016,67.06459777,cotton
117,43,25,24.68854799,78.51206972,7.839849298,69.31153566,cotton
126,37,21,25.84997269,84.16855231,6.61448588,77.03421249,cotton
120,48,16,22.46054478,75.40989245,7.456971816,71.85436078,cotton
102,45,16,23.65629976,77.52425987,7.2942193,74.8984994,cotton
131,56,20,22.00817088,81.83896111,7.762647875,92.23645249,cotton
114,40,17,24.32630461,80.13456404,6.363406102000001,69.45072055,cotton
101,37,18,22.92360984,82.68738535,7.63737841,92.91915074,cotton
106,46,20,23.43821725,78.63388824,6.2006719760000015,81.15072105,cotton
113,38,20,22.10718988,78.58320116,6.364729934,74.94136567,cotton
102,53,21,23.03814028,76.11021529,6.913678684,91.49697481,cotton
110,39,18,24.54795322,75.39752705,7.766259768999999,63.88079866,cotton
107,58,15,23.73868041,75.77503808,7.55606399,76.63669195,cotton
120,60,15,22.31871914,83.86129998,7.288377241,65.35747011,cotton
